[{"fields": {"model": "logentry", "name": "log entry", "app_label": "admin"}, "model": "contenttypes.contenttype", "pk": 1}, {"fields": {"model": "permission", "name": "permission", "app_label": "auth"}, "model": "contenttypes.contenttype", "pk": 2}, {"fields": {"model": "group", "name": "group", "app_label": "auth"}, "model": "contenttypes.contenttype", "pk": 3}, {"fields": {"model": "user", "name": "user", "app_label": "auth"}, "model": "contenttypes.contenttype", "pk": 4}, {"fields": {"model": "contenttype", "name": "content type", "app_label": "contenttypes"}, "model": "contenttypes.contenttype", "pk": 5}, {"fields": {"model": "session", "name": "session", "app_label": "sessions"}, "model": "contenttypes.contenttype", "pk": 6}, {"fields": {"model": "sourcetype", "name": "Source Type", "app_label": "webapp"}, "model": "contenttypes.contenttype", "pk": 7}, {"fields": {"model": "sitetype", "name": "Site Type", "app_label": "webapp"}, "model": "contenttypes.contenttype", "pk": 8}, {"fields": {"model": "siteuse", "name": "Site Use", "app_label": "webapp"}, "model": "contenttypes.contenttype", "pk": 9}, {"fields": {"model": "servicetype", "name": "Service Type", "app_label": "webapp"}, "model": "contenttypes.contenttype", "pk": 10}, {"fields": {"model": "surveytype", "name": "Survey Type", "app_label": "webapp"}, "model": "contenttypes.contenttype", "pk": 11}, {"fields": {"model": "bptype", "name": "BFP Type", "app_label": "webapp"}, "model": "contenttypes.contenttype", "pk": 12}, {"fields": {"model": "bpsize", "name": "BFP Size", "app_label": "webapp"}, "model": "contenttypes.contenttype", "pk": 13}, {"fields": {"model": "bpmanufacturer", "name": "BFP Manufacturer", "app_label": "webapp"}, "model": "contenttypes.contenttype", "pk": 14}, {"fields": {"model": "customercode", "name": "Customer Code", "app_label": "webapp"}, "model": "contenttypes.contenttype", "pk": 15}, {"fields": {"model": "hazardtype", "name": "Hazard Type", "app_label": "webapp"}, "model": "contenttypes.contenttype", "pk": 16}, {"fields": {"model": "testmanufacturer", "name": "Test Manufacturer", "app_label": "webapp"}, "model": "contenttypes.contenttype", "pk": 17}, {"fields": {"model": "icpointtype", "name": "Interconnection Point Type", "app_label": "webapp"}, "model": "contenttypes.contenttype", "pk": 18}, {"fields": {"model": "assemblylocation", "name": "Assembly Location", "app_label": "webapp"}, "model": "contenttypes.contenttype", "pk": 19}, {"fields": {"model": "lettertype", "name": "Letter Type", "app_label": "webapp"}, "model": "contenttypes.contenttype", "pk": 20}, {"fields": {"model": "floorscount", "name": "Floors Count", "app_label": "webapp"}, "model": "contenttypes.contenttype", "pk": 21}, {"fields": {"model": "special", "name": "Special", "app_label": "webapp"}, "model": "contenttypes.contenttype", "pk": 22}, {"fields": {"model": "orientation", "name": "Orientation Type", "app_label": "webapp"}, "model": "contenttypes.contenttype", "pk": 23}, {"fields": {"model": "customer", "name": "Customer", "app_label": "webapp"}, "model": "contenttypes.contenttype", "pk": 24}, {"fields": {"model": "pws", "name": "Public Water System", "app_label": "webapp"}, "model": "contenttypes.contenttype", "pk": 25}, {"fields": {"model": "employee", "name": "employee", "app_label": "webapp"}, "model": "contenttypes.contenttype", "pk": 26}, {"fields": {"model": "site", "name": "Site", "app_label": "webapp"}, "model": "contenttypes.contenttype", "pk": 27}, {"fields": {"model": "service", "name": "Service", "app_label": "webapp"}, "model": "contenttypes.contenttype", "pk": 28}, {"fields": {"model": "survey", "name": "Survey", "app_label": "webapp"}, "model": "contenttypes.contenttype", "pk": 29}, {"fields": {"model": "hazard", "name": "Hazard", "app_label": "webapp"}, "model": "contenttypes.contenttype", "pk": 30}, {"fields": {"model": "test", "name": "Test", "app_label": "webapp"}, "model": "contenttypes.contenttype", "pk": 31}, {"fields": {"model": "letter", "name": "Letter", "app_label": "webapp"}, "model": "contenttypes.contenttype", "pk": 32}, {"fields": {"model": "licence", "name": "Licence", "app_label": "webapp"}, "model": "contenttypes.contenttype", "pk": 33}, {"fields": {"model": "testpermission", "name": "Test Permission", "app_label": "webapp"}, "model": "contenttypes.contenttype", "pk": 34}, {"fields": {"model": "inspection", "name": "Inspection", "app_label": "webapp"}, "model": "contenttypes.contenttype", "pk": 35}, {"fields": {"expire_date": "2015-02-05T08:00:01Z", "session_data": "ZjBmY2EzZWQ4NmIzZjIwODQyNDNhZDNkMTRmZjkyZjUwOTY3MWE4Mjp7Il9hdXRoX3VzZXJfaGFzaCI6ImE3NjBhNDFjYTVhZjQyMmFkOWU1ZjI2Y2EzYzdiMmY1OWM5YWQ5OWIiLCJfYXV0aF91c2VyX2JhY2tlbmQiOiJkamFuZ28uY29udHJpYi5hdXRoLmJhY2tlbmRzLk1vZGVsQmFja2VuZCIsIl9hdXRoX3VzZXJfaWQiOjF9"}, "model": "sessions.session", "pk": "jf921p4d7qhp5nmemt7gj9mu44efkt8o"}, {"fields": {"expire_date": "2015-02-05T08:10:09Z", "session_data": "ZGQ3ZjQ2YTYyOWY3MTg0ZjU1YjY4OGY3NDlhNmQxZTg1YjhlNTAyZTp7Il9hdXRoX3VzZXJfaGFzaCI6ImQ4ODIyZWNhZjZkNGRjMmU3NGQwMjEzNDU2ZTBiYjE1Mjc1YjhhNDQiLCJfYXV0aF91c2VyX2JhY2tlbmQiOiJkamFuZ28uY29udHJpYi5hdXRoLmJhY2tlbmRzLk1vZGVsQmFja2VuZCIsIl9hdXRoX3VzZXJfaWQiOjR9"}, "model": "sessions.session", "pk": "ooqtjxymubea7fgzdayn2emoke1kr0w5"}, {"fields": {"expire_date": "2015-02-04T04:45:01Z", "session_data": "ZGQ3ZjQ2YTYyOWY3MTg0ZjU1YjY4OGY3NDlhNmQxZTg1YjhlNTAyZTp7Il9hdXRoX3VzZXJfaGFzaCI6ImQ4ODIyZWNhZjZkNGRjMmU3NGQwMjEzNDU2ZTBiYjE1Mjc1YjhhNDQiLCJfYXV0aF91c2VyX2JhY2tlbmQiOiJkamFuZ28uY29udHJpYi5hdXRoLmJhY2tlbmRzLk1vZGVsQmFja2VuZCIsIl9hdXRoX3VzZXJfaWQiOjR9"}, "model": "sessions.session", "pk": "qfqsoraa1kv2mhx9gophnpw5lu9x712p"}, {"fields": {"expire_date": "2015-02-03T07:38:46Z", "session_data": "ZjBmY2EzZWQ4NmIzZjIwODQyNDNhZDNkMTRmZjkyZjUwOTY3MWE4Mjp7Il9hdXRoX3VzZXJfaGFzaCI6ImE3NjBhNDFjYTVhZjQyMmFkOWU1ZjI2Y2EzYzdiMmY1OWM5YWQ5OWIiLCJfYXV0aF91c2VyX2JhY2tlbmQiOiJkamFuZ28uY29udHJpYi5hdXRoLmJhY2tlbmRzLk1vZGVsQmFja2VuZCIsIl9hdXRoX3VzZXJfaWQiOjF9"}, "model": "sessions.session", "pk": "sirul2jrlwnegd9ey8mctyyonqp1tpla"}, {"fields": {"expire_date": "2015-02-04T04:44:16Z", "session_data": "ZGQ3ZjQ2YTYyOWY3MTg0ZjU1YjY4OGY3NDlhNmQxZTg1YjhlNTAyZTp7Il9hdXRoX3VzZXJfaGFzaCI6ImQ4ODIyZWNhZjZkNGRjMmU3NGQwMjEzNDU2ZTBiYjE1Mjc1YjhhNDQiLCJfYXV0aF91c2VyX2JhY2tlbmQiOiJkamFuZ28uY29udHJpYi5hdXRoLmJhY2tlbmRzLk1vZGVsQmFja2VuZCIsIl9hdXRoX3VzZXJfaWQiOjR9"}, "model": "sessions.session", "pk": "ut7tfkj4jlgqydjq4699rugt1dzwsgsk"}, {"fields": {"expire_date": "2015-02-03T08:01:44Z", "session_data": "NTVjMjY4NWVmMjYzYmQ5YTBiYjk4ZmUxZWYxOGVjYjFjMmI3MGI3Zjp7fQ=="}, "model": "sessions.session", "pk": "yjd4llty2lz1ik8vzaaq3kfgurpmz15g"}, {"fields": {"source_type": "Public Water Supply and Private Well"}, "model": "webapp.sourcetype", "pk": 1}, {"fields": {"source_type": "Private Well"}, "model": "webapp.sourcetype", "pk": 2}, {"fields": {"source_type": "Public Water Supply"}, "model": "webapp.sourcetype", "pk": 3}, {"fields": {"source_type": "Public Water Supply and Pond, Stream, Bay, etc"}, "model": "webapp.sourcetype", "pk": 4}, {"fields": {"site_type": "School"}, "model": "webapp.sitetype", "pk": 1}, {"fields": {"site_type": "Irrigation"}, "model": "webapp.sitetype", "pk": 2}, {"fields": {"site_type": "Multi-family"}, "model": "webapp.sitetype", "pk": 3}, {"fields": {"site_type": "Offices"}, "model": "webapp.sitetype", "pk": 4}, {"fields": {"site_type": "Pest Exterminator"}, "model": "webapp.sitetype", "pk": 5}, {"fields": {"site_type": "Pharmacy"}, "model": "webapp.sitetype", "pk": 6}, {"fields": {"site_type": "Pool"}, "model": "webapp.sitetype", "pk": 7}, {"fields": {"site_type": "Realtor"}, "model": "webapp.sitetype", "pk": 8}, {"fields": {"site_type": "Restaurant"}, "model": "webapp.sitetype", "pk": 9}, {"fields": {"site_type": "Mortuary"}, "model": "webapp.sitetype", "pk": 10}, {"fields": {"site_type": "Retirement Home"}, "model": "webapp.sitetype", "pk": 11}, {"fields": {"site_type": "Medical"}, "model": "webapp.sitetype", "pk": 12}, {"fields": {"site_type": "Storage Facility"}, "model": "webapp.sitetype", "pk": 13}, {"fields": {"site_type": "Video Rental"}, "model": "webapp.sitetype", "pk": 14}, {"fields": {"site_type": "Church"}, "model": "webapp.sitetype", "pk": 15}, {"fields": {"site_type": "Catering"}, "model": "webapp.sitetype", "pk": 16}, {"fields": {"site_type": "Chiropractic"}, "model": "webapp.sitetype", "pk": 17}, {"fields": {"site_type": "Car Wash"}, "model": "webapp.sitetype", "pk": 18}, {"fields": {"site_type": "Business Office"}, "model": "webapp.sitetype", "pk": 19}, {"fields": {"site_type": "Beauty Salon / Barber"}, "model": "webapp.sitetype", "pk": 20}, {"fields": {"site_type": "Retail"}, "model": "webapp.sitetype", "pk": 21}, {"fields": {"site_type": "Home Owners Association"}, "model": "webapp.sitetype", "pk": 22}, {"fields": {"site_type": "Dialysis Clinic"}, "model": "webapp.sitetype", "pk": 23}, {"fields": {"site_type": "Doctors Office"}, "model": "webapp.sitetype", "pk": 24}, {"fields": {"site_type": "Dry Cleaners"}, "model": "webapp.sitetype", "pk": 25}, {"fields": {"site_type": "Fast Food"}, "model": "webapp.sitetype", "pk": 26}, {"fields": {"site_type": "Fireline"}, "model": "webapp.sitetype", "pk": 27}, {"fields": {"site_type": "Food Processing"}, "model": "webapp.sitetype", "pk": 28}, {"fields": {"site_type": "Office W/ Washerteria\n"}, "model": "webapp.sitetype", "pk": 29}, {"fields": {"site_type": "Gas Station\n"}, "model": "webapp.sitetype", "pk": 30}, {"fields": {"site_type": "Governmental\n"}, "model": "webapp.sitetype", "pk": 31}, {"fields": {"site_type": "Motels/Hotels\n"}, "model": "webapp.sitetype", "pk": 32}, {"fields": {"site_type": "Health Club\n"}, "model": "webapp.sitetype", "pk": 33}, {"fields": {"site_type": "Department Store\n"}, "model": "webapp.sitetype", "pk": 34}, {"fields": {"site_type": "Industrial\n"}, "model": "webapp.sitetype", "pk": 35}, {"fields": {"site_type": "Dentist\n"}, "model": "webapp.sitetype", "pk": 36}, {"fields": {"site_type": "Convenience\n"}, "model": "webapp.sitetype", "pk": 37}, {"fields": {"site_type": "Residential\n"}, "model": "webapp.sitetype", "pk": 38}, {"fields": {"site_type": "Commercial\n"}, "model": "webapp.sitetype", "pk": 39}, {"fields": {"site_type": "Bar and Grill\n"}, "model": "webapp.sitetype", "pk": 40}, {"fields": {"site_type": "Irrigation and pool\n"}, "model": "webapp.sitetype", "pk": 41}, {"fields": {"site_type": "Laundromat\n"}, "model": "webapp.sitetype", "pk": 42}, {"fields": {"site_type": "Grocery/Supermarket\n"}, "model": "webapp.sitetype", "pk": 43}, {"fields": {"site_type": "Auxiliary Water\n"}, "model": "webapp.sitetype", "pk": 44}, {"fields": {"site_type": "Animal Hospital / Veterinarian\n"}, "model": "webapp.sitetype", "pk": 45}, {"fields": {"site_type": "Doctors Office #1\n"}, "model": "webapp.sitetype", "pk": 46}, {"fields": {"site_type": "Dialysis Center\n"}, "model": "webapp.sitetype", "pk": 47}, {"fields": {"site_type": "Commercial Residence\n"}, "model": "webapp.sitetype", "pk": 48}, {"fields": {"site_type": "Commerc. Multi-ten\n"}, "model": "webapp.sitetype", "pk": 49}, {"fields": {"site_type": "Comm\n"}, "model": "webapp.sitetype", "pk": 50}, {"fields": {"site_type": "Carwash\n"}, "model": "webapp.sitetype", "pk": 51}, {"fields": {"site_type": "Beauty Shop\n"}, "model": "webapp.sitetype", "pk": 52}, {"fields": {"site_type": "Empty Lot\n"}, "model": "webapp.sitetype", "pk": 53}, {"fields": {"site_type": "Barber Shop\n"}, "model": "webapp.sitetype", "pk": 54}, {"fields": {"site_type": "Florist\n"}, "model": "webapp.sitetype", "pk": 55}, {"fields": {"site_type": "Automotive\n"}, "model": "webapp.sitetype", "pk": 56}, {"fields": {"site_type": "Assisted Living\n"}, "model": "webapp.sitetype", "pk": 57}, {"fields": {"site_type": "Apartments\n"}, "model": "webapp.sitetype", "pk": 58}, {"fields": {"site_type": "Resiedential\n"}, "model": "webapp.sitetype", "pk": 59}, {"fields": {"site_type": "Retail Store\n"}, "model": "webapp.sitetype", "pk": 60}, {"fields": {"site_type": "Salon\n"}, "model": "webapp.sitetype", "pk": 61}, {"fields": {"site_type": "Storage Building\n"}, "model": "webapp.sitetype", "pk": 62}, {"fields": {"site_type": "Veterinary Office\n"}, "model": "webapp.sitetype", "pk": 63}, {"fields": {"site_type": "Warehouse\n"}, "model": "webapp.sitetype", "pk": 64}, {"fields": {"site_type": "Beauty Salon\n"}, "model": "webapp.sitetype", "pk": 65}, {"fields": {"site_type": "No Address\n"}, "model": "webapp.sitetype", "pk": 66}, {"fields": {"site_type": "Auto Repair\n"}, "model": "webapp.sitetype", "pk": 67}, {"fields": {"site_type": "Child/Day Care/Nursery\n"}, "model": "webapp.sitetype", "pk": 68}, {"fields": {"site_type": "Agricultural\n"}, "model": "webapp.sitetype", "pk": 69}, {"fields": {"site_type": "Recreation\n"}, "model": "webapp.sitetype", "pk": 70}, {"fields": {"site_type": "Processing Facility\n"}, "model": "webapp.sitetype", "pk": 71}, {"fields": {"site_type": "Potable/recreation\n"}, "model": "webapp.sitetype", "pk": 72}, {"fields": {"site_type": "Potable\n"}, "model": "webapp.sitetype", "pk": 73}, {"fields": {"site_type": "Doctors Office #2\n"}, "model": "webapp.sitetype", "pk": 74}, {"fields": {"site_type": "Office\n"}, "model": "webapp.sitetype", "pk": 75}, {"fields": {"site_type": "Bank\n"}, "model": "webapp.sitetype", "pk": 76}, {"fields": {"site_type": "Motel\n"}, "model": "webapp.sitetype", "pk": 77}, {"fields": {"site_type": "Jail/ Governmental\n"}, "model": "webapp.sitetype", "pk": 78}, {"fields": {"site_type": "Ice Machine\n"}, "model": "webapp.sitetype", "pk": 79}, {"fields": {"site_type": "Hospital\n"}, "model": "webapp.sitetype", "pk": 80}, {"fields": {"site_type": "Home\n"}, "model": "webapp.sitetype", "pk": 81}, {"fields": {"site_type": "Health Unit\n"}, "model": "webapp.sitetype", "pk": 82}, {"fields": {"site_type": "Grocery Store\n"}, "model": "webapp.sitetype", "pk": 83}, {"fields": {"site_type": "Funeral Home\n"}, "model": "webapp.sitetype", "pk": 84}, {"fields": {"site_type": "Fraternal Hall\n"}, "model": "webapp.sitetype", "pk": 85}, {"fields": {"site_use": "Commercial"}, "model": "webapp.siteuse", "pk": 1}, {"fields": {"site_use": "Farming"}, "model": "webapp.siteuse", "pk": 3}, {"fields": {"site_use": "Governmental"}, "model": "webapp.siteuse", "pk": 4}, {"fields": {"site_use": "Industrial"}, "model": "webapp.siteuse", "pk": 5}, {"fields": {"site_use": "Multi-Family"}, "model": "webapp.siteuse", "pk": 6}, {"fields": {"site_use": "Residental"}, "model": "webapp.siteuse", "pk": 7}, {"fields": {"site_use": "Agricultural"}, "model": "webapp.siteuse", "pk": 8}, {"fields": {"site_use": "Commercial Multi-tenant"}, "model": "webapp.siteuse", "pk": 9}, {"fields": {"service_type": "Fire"}, "model": "webapp.servicetype", "pk": 2}, {"fields": {"service_type": "Potable"}, "model": "webapp.servicetype", "pk": 3}, {"fields": {"service_type": "Irrigation"}, "model": "webapp.servicetype", "pk": 4}, {"fields": {"survey_type": "Initial"}, "model": "webapp.surveytype", "pk": 2}, {"fields": {"survey_type": "Drive-by"}, "model": "webapp.surveytype", "pk": 3}, {"fields": {"survey_type": "Initial/Drive-by"}, "model": "webapp.surveytype", "pk": 4}, {"fields": {"survey_type": "Follow-up"}, "model": "webapp.surveytype", "pk": 5}, {"fields": {"survey_type": "Annual"}, "model": "webapp.surveytype", "pk": 6}, {"fields": {"bp_type": "RP"}, "model": "webapp.bptype", "pk": 1}, {"fields": {"bp_type": "RPDA"}, "model": "webapp.bptype", "pk": 2}, {"fields": {"bp_type": "HBVB"}, "model": "webapp.bptype", "pk": 3}, {"fields": {"bp_type": "DCDA"}, "model": "webapp.bptype", "pk": 4}, {"fields": {"bp_type": "Air Gap"}, "model": "webapp.bptype", "pk": 5}, {"fields": {"bp_type": "PVB"}, "model": "webapp.bptype", "pk": 6}, {"fields": {"bp_type": "AVB"}, "model": "webapp.bptype", "pk": 7}, {"fields": {"bp_type": "DC"}, "model": "webapp.bptype", "pk": 8}, {"fields": {"bp_size": "3/4\"\n"}, "model": "webapp.bpsize", "pk": 1}, {"fields": {"bp_size": "5/8\"\n"}, "model": "webapp.bpsize", "pk": 2}, {"fields": {"bp_size": "1\"\n"}, "model": "webapp.bpsize", "pk": 3}, {"fields": {"bp_size": "1.5\"\n"}, "model": "webapp.bpsize", "pk": 4}, {"fields": {"bp_size": "2\"\n"}, "model": "webapp.bpsize", "pk": 5}, {"fields": {"bp_size": "2.5\"\n"}, "model": "webapp.bpsize", "pk": 6}, {"fields": {"bp_size": "3\"\n"}, "model": "webapp.bpsize", "pk": 7}, {"fields": {"bp_size": "4\"\n"}, "model": "webapp.bpsize", "pk": 8}, {"fields": {"bp_size": "5\"\n"}, "model": "webapp.bpsize", "pk": 9}, {"fields": {"bp_size": "6\"\n"}, "model": "webapp.bpsize", "pk": 10}, {"fields": {"bp_size": "8\"\n"}, "model": "webapp.bpsize", "pk": 11}, {"fields": {"bp_size": "9\"\n"}, "model": "webapp.bpsize", "pk": 12}, {"fields": {"bp_size": "10\"\n"}, "model": "webapp.bpsize", "pk": 13}, {"fields": {"bp_size": "12\"\n"}, "model": "webapp.bpsize", "pk": 14}, {"fields": {"bp_size": "14\"\n"}, "model": "webapp.bpsize", "pk": 15}, {"fields": {"bp_size": "16\"\n"}, "model": "webapp.bpsize", "pk": 16}, {"fields": {"bp_manufacturer": "Ames"}, "model": "webapp.bpmanufacturer", "pk": 1}, {"fields": {"bp_manufacturer": "Wilkins"}, "model": "webapp.bpmanufacturer", "pk": 2}, {"fields": {"bp_manufacturer": "Watts"}, "model": "webapp.bpmanufacturer", "pk": 3}, {"fields": {"bp_manufacturer": "Conbraco"}, "model": "webapp.bpmanufacturer", "pk": 4}, {"fields": {"bp_manufacturer": "Febco"}, "model": "webapp.bpmanufacturer", "pk": 5}, {"fields": {"bp_manufacturer": "Hersey"}, "model": "webapp.bpmanufacturer", "pk": 6}, {"fields": {"customer_code": "Residental\n"}, "model": "webapp.customercode", "pk": 1}, {"fields": {"customer_code": "Governmental\n"}, "model": "webapp.customercode", "pk": 2}, {"fields": {"customer_code": "Commercial\n"}, "model": "webapp.customercode", "pk": 3}, {"fields": {"customer_code": "Industrial\n"}, "model": "webapp.customercode", "pk": 4}, {"fields": {"customer_code": "Trailer Park\n"}, "model": "webapp.customercode", "pk": 5}, {"fields": {"customer_code": "Multifamily\n"}, "model": "webapp.customercode", "pk": 6}, {"fields": {"customer_code": "Irrigation\n"}, "model": "webapp.customercode", "pk": 7}, {"fields": {"customer_code": "Fire\n"}, "model": "webapp.customercode", "pk": 8}, {"fields": {"customer_code": "Other\n"}, "model": "webapp.customercode", "pk": 9}, {"fields": {"hazard_type": "Denied or Restricted Access\n"}, "model": "webapp.hazardtype", "pk": 1}, {"fields": {"hazard_type": "Irrigation System\n"}, "model": "webapp.hazardtype", "pk": 2}, {"fields": {"hazard_type": "Ice Maker\n"}, "model": "webapp.hazardtype", "pk": 3}, {"fields": {"hazard_type": "Hose Bibs\n"}, "model": "webapp.hazardtype", "pk": 4}, {"fields": {"hazard_type": "Grease Trap\n"}, "model": "webapp.hazardtype", "pk": 5}, {"fields": {"hazard_type": "Garbage Disposal\n"}, "model": "webapp.hazardtype", "pk": 6}, {"fields": {"hazard_type": "Mop Sink\n"}, "model": "webapp.hazardtype", "pk": 7}, {"fields": {"hazard_type": "Exterminator\n"}, "model": "webapp.hazardtype", "pk": 8}, {"fields": {"hazard_type": "Recreation Grounds\n"}, "model": "webapp.hazardtype", "pk": 9}, {"fields": {"hazard_type": "Equipment Repair\n"}, "model": "webapp.hazardtype", "pk": 10}, {"fields": {"hazard_type": "Landscape Nursery\n"}, "model": "webapp.hazardtype", "pk": 11}, {"fields": {"hazard_type": "Nursery\n"}, "model": "webapp.hazardtype", "pk": 12}, {"fields": {"hazard_type": "Garbage Can Washer\n"}, "model": "webapp.hazardtype", "pk": 13}, {"fields": {"hazard_type": "Trailer Park\n"}, "model": "webapp.hazardtype", "pk": 14}, {"fields": {"hazard_type": "Beauty Salon\n"}, "model": "webapp.hazardtype", "pk": 15}, {"fields": {"hazard_type": "Industrial Fluids\n"}, "model": "webapp.hazardtype", "pk": 16}, {"fields": {"hazard_type": "Irrigation and Pool\n"}, "model": "webapp.hazardtype", "pk": 17}, {"fields": {"hazard_type": "Auto Repair\n"}, "model": "webapp.hazardtype", "pk": 18}, {"fields": {"hazard_type": "Caterer\n"}, "model": "webapp.hazardtype", "pk": 19}, {"fields": {"hazard_type": "NHP\n"}, "model": "webapp.hazardtype", "pk": 20}, {"fields": {"hazard_type": "Farm\n"}, "model": "webapp.hazardtype", "pk": 21}, {"fields": {"hazard_type": "Agriculture\n"}, "model": "webapp.hazardtype", "pk": 22}, {"fields": {"hazard_type": "Dialysis Center\n"}, "model": "webapp.hazardtype", "pk": 23}, {"fields": {"hazard_type": "Funeral Home\n"}, "model": "webapp.hazardtype", "pk": 24}, {"fields": {"hazard_type": "Hospital\n"}, "model": "webapp.hazardtype", "pk": 25}, {"fields": {"hazard_type": "Motel\n"}, "model": "webapp.hazardtype", "pk": 26}, {"fields": {"hazard_type": "No Address\n"}, "model": "webapp.hazardtype", "pk": 27}, {"fields": {"hazard_type": "Fire Sprinkler System\n"}, "model": "webapp.hazardtype", "pk": 28}, {"fields": {"hazard_type": "De-ionized Water System\n"}, "model": "webapp.hazardtype", "pk": 29}, {"fields": {"hazard_type": "Chiller System\n"}, "model": "webapp.hazardtype", "pk": 30}, {"fields": {"hazard_type": "Coffee Urn\n"}, "model": "webapp.hazardtype", "pk": 31}, {"fields": {"hazard_type": "Compressors, Water Cooled\n"}, "model": "webapp.hazardtype", "pk": 32}, {"fields": {"hazard_type": "Condenser\n"}, "model": "webapp.hazardtype", "pk": 33}, {"fields": {"hazard_type": "Cooking Kettle\n"}, "model": "webapp.hazardtype", "pk": 34}, {"fields": {"hazard_type": "Fountain, Ornamental\n"}, "model": "webapp.hazardtype", "pk": 35}, {"fields": {"hazard_type": "Degreasing Equipment\n"}, "model": "webapp.hazardtype", "pk": 36}, {"fields": {"hazard_type": "Bedpan Washer\n"}, "model": "webapp.hazardtype", "pk": 37}, {"fields": {"hazard_type": "Dental Cuspidor (Spit Sink)\n"}, "model": "webapp.hazardtype", "pk": 38}, {"fields": {"hazard_type": "Jail/Prison\n"}, "model": "webapp.hazardtype", "pk": 39}, {"fields": {"hazard_type": "Digester\n"}, "model": "webapp.hazardtype", "pk": 40}, {"fields": {"hazard_type": "Dishwasher\n"}, "model": "webapp.hazardtype", "pk": 41}, {"fields": {"hazard_type": "Distillation Equipment\n"}, "model": "webapp.hazardtype", "pk": 42}, {"fields": {"hazard_type": "Dye Vats\n"}, "model": "webapp.hazardtype", "pk": 43}, {"fields": {"hazard_type": "Cooling Tower\n"}, "model": "webapp.hazardtype", "pk": 44}, {"fields": {"hazard_type": "Fireline\n"}, "model": "webapp.hazardtype", "pk": 45}, {"fields": {"hazard_type": "Video Rental\n"}, "model": "webapp.hazardtype", "pk": 46}, {"fields": {"hazard_type": "Fertilizer Injector\n"}, "model": "webapp.hazardtype", "pk": 47}, {"fields": {"hazard_type": "Fermentation Tank\n"}, "model": "webapp.hazardtype", "pk": 48}, {"fields": {"hazard_type": "Child Care Facility\n"}, "model": "webapp.hazardtype", "pk": 49}, {"fields": {"hazard_type": "Group Home\n"}, "model": "webapp.hazardtype", "pk": 50}, {"fields": {"hazard_type": "Fraternal Hall\n"}, "model": "webapp.hazardtype", "pk": 51}, {"fields": {"hazard_type": "Bottle Washer\n"}, "model": "webapp.hazardtype", "pk": 52}, {"fields": {"hazard_type": "Office\n"}, "model": "webapp.hazardtype", "pk": 53}, {"fields": {"hazard_type": "Boiler Feed Line\n"}, "model": "webapp.hazardtype", "pk": 54}, {"fields": {"hazard_type": "Aspirator\n"}, "model": "webapp.hazardtype", "pk": 55}, {"fields": {"hazard_type": "Autopsy Table\n"}, "model": "webapp.hazardtype", "pk": 56}, {"fields": {"hazard_type": "Auxiliary Water System (Well)\n"}, "model": "webapp.hazardtype", "pk": 57}, {"fields": {"hazard_type": "Auxiliary Water System (Surf. Water)\n"}, "model": "webapp.hazardtype", "pk": 58}, {"fields": {"hazard_type": "Baptismal Font\n"}, "model": "webapp.hazardtype", "pk": 59}, {"fields": {"hazard_type": "Solar System\n"}, "model": "webapp.hazardtype", "pk": 60}, {"fields": {"hazard_type": "Veterinarian\n"}, "model": "webapp.hazardtype", "pk": 61}, {"fields": {"hazard_type": "Church Rec Center\n"}, "model": "webapp.hazardtype", "pk": 62}, {"fields": {"hazard_type": "Overhead Spray Hose\n"}, "model": "webapp.hazardtype", "pk": 63}, {"fields": {"hazard_type": "Nursing Home\n"}, "model": "webapp.hazardtype", "pk": 64}, {"fields": {"hazard_type": "Vacant\n"}, "model": "webapp.hazardtype", "pk": 65}, {"fields": {"hazard_type": "Medical Facility\n"}, "model": "webapp.hazardtype", "pk": 66}, {"fields": {"hazard_type": "Mechanic Shop\n"}, "model": "webapp.hazardtype", "pk": 67}, {"fields": {"hazard_type": "Convenience Store\n"}, "model": "webapp.hazardtype", "pk": 68}, {"fields": {"hazard_type": "Sewer Plant\n"}, "model": "webapp.hazardtype", "pk": 69}, {"fields": {"hazard_type": "Commercial Multi-tenant\n"}, "model": "webapp.hazardtype", "pk": 70}, {"fields": {"hazard_type": "Laundromat\n"}, "model": "webapp.hazardtype", "pk": 71}, {"fields": {"hazard_type": "Chiropractor/Health Clinic\n"}, "model": "webapp.hazardtype", "pk": 72}, {"fields": {"hazard_type": "Autoclaves\n"}, "model": "webapp.hazardtype", "pk": 73}, {"fields": {"hazard_type": "Starch Tanks\n"}, "model": "webapp.hazardtype", "pk": 74}, {"fields": {"hazard_type": "Steam Cleaner\n"}, "model": "webapp.hazardtype", "pk": 75}, {"fields": {"hazard_type": "Steam Table\n"}, "model": "webapp.hazardtype", "pk": 76}, {"fields": {"hazard_type": "Product Manufacturing\n"}, "model": "webapp.hazardtype", "pk": 77}, {"fields": {"hazard_type": "Water Softener\n"}, "model": "webapp.hazardtype", "pk": 78}, {"fields": {"hazard_type": "Deli/bakery\n"}, "model": "webapp.hazardtype", "pk": 79}, {"fields": {"hazard_type": "Frost proof HB\n"}, "model": "webapp.hazardtype", "pk": 80}, {"fields": {"hazard_type": "Assisted Living\n"}, "model": "webapp.hazardtype", "pk": 81}, {"fields": {"hazard_type": "Governmental\n"}, "model": "webapp.hazardtype", "pk": 82}, {"fields": {"hazard_type": "Pool\n"}, "model": "webapp.hazardtype", "pk": 83}, {"fields": {"hazard_type": "Bar and Grill\n"}, "model": "webapp.hazardtype", "pk": 84}, {"fields": {"hazard_type": "Bank\n"}, "model": "webapp.hazardtype", "pk": 85}, {"fields": {"hazard_type": "Car Wash\n"}, "model": "webapp.hazardtype", "pk": 86}, {"fields": {"hazard_type": "Recreation Center\n"}, "model": "webapp.hazardtype", "pk": 87}, {"fields": {"hazard_type": "Lab Sink\n"}, "model": "webapp.hazardtype", "pk": 88}, {"fields": {"hazard_type": "Welder, Water Cooled\n"}, "model": "webapp.hazardtype", "pk": 89}, {"fields": {"hazard_type": "Bathrooms\n"}, "model": "webapp.hazardtype", "pk": 90}, {"fields": {"hazard_type": "Water tower\n"}, "model": "webapp.hazardtype", "pk": 91}, {"fields": {"hazard_type": "Steam line\n"}, "model": "webapp.hazardtype", "pk": 92}, {"fields": {"hazard_type": "Restrooms\n"}, "model": "webapp.hazardtype", "pk": 93}, {"fields": {"hazard_type": "Processing\n"}, "model": "webapp.hazardtype", "pk": 94}, {"fields": {"hazard_type": "Eye wash shower\n"}, "model": "webapp.hazardtype", "pk": 95}, {"fields": {"hazard_type": "Breakroom\n"}, "model": "webapp.hazardtype", "pk": 96}, {"fields": {"hazard_type": "Dry Cleaners\n"}, "model": "webapp.hazardtype", "pk": 97}, {"fields": {"hazard_type": "Pressure Cooker\n"}, "model": "webapp.hazardtype", "pk": 98}, {"fields": {"hazard_type": "X-Ray Equipment\n"}, "model": "webapp.hazardtype", "pk": 99}, {"fields": {"hazard_type": "Storage Center\n"}, "model": "webapp.hazardtype", "pk": 100}, {"fields": {"hazard_type": "Sterilizing Equipment\n"}, "model": "webapp.hazardtype", "pk": 101}, {"fields": {"hazard_type": "Irrigation\n"}, "model": "webapp.hazardtype", "pk": 102}, {"fields": {"hazard_type": "Auxiliary Water\n"}, "model": "webapp.hazardtype", "pk": 103}, {"fields": {"hazard_type": "Home Owners Association\n"}, "model": "webapp.hazardtype", "pk": 104}, {"fields": {"hazard_type": "Radiator Flushing Equipment\n"}, "model": "webapp.hazardtype", "pk": 105}, {"fields": {"hazard_type": "Multi-Family\n"}, "model": "webapp.hazardtype", "pk": 106}, {"fields": {"hazard_type": "Potato Peeler\n"}, "model": "webapp.hazardtype", "pk": 107}, {"fields": {"hazard_type": "Pipette Washer\n"}, "model": "webapp.hazardtype", "pk": 108}, {"fields": {"hazard_type": "Photostat Equipment\n"}, "model": "webapp.hazardtype", "pk": 109}, {"fields": {"hazard_type": "Photo Rinse Sinks\n"}, "model": "webapp.hazardtype", "pk": 110}, {"fields": {"hazard_type": "Photo Film Washer\n"}, "model": "webapp.hazardtype", "pk": 111}, {"fields": {"hazard_type": "Photo Developer (Automatic)\n"}, "model": "webapp.hazardtype", "pk": 112}, {"fields": {"hazard_type": "Barber Shop\n"}, "model": "webapp.hazardtype", "pk": 113}, {"fields": {"hazard_type": "Grocery Store\n"}, "model": "webapp.hazardtype", "pk": 114}, {"fields": {"hazard_type": "Food Processing\n"}, "model": "webapp.hazardtype", "pk": 115}, {"fields": {"hazard_type": "Pharmacy\n"}, "model": "webapp.hazardtype", "pk": 116}, {"fields": {"hazard_type": "Restaurant\n"}, "model": "webapp.hazardtype", "pk": 117}, {"fields": {"hazard_type": "Expansion Tank\n"}, "model": "webapp.hazardtype", "pk": 118}, {"fields": {"hazard_type": "Movie Theater\n"}, "model": "webapp.hazardtype", "pk": 119}, {"fields": {"hazard_type": "Retail\n"}, "model": "webapp.hazardtype", "pk": 120}, {"fields": {"hazard_type": "School\n"}, "model": "webapp.hazardtype", "pk": 121}, {"fields": {"hazard_type": "Industrial\n"}, "model": "webapp.hazardtype", "pk": 122}, {"fields": {"hazard_type": "Church\n"}, "model": "webapp.hazardtype", "pk": 123}, {"fields": {"hazard_type": "Doctors Office\n"}, "model": "webapp.hazardtype", "pk": 124}, {"fields": {"test_manufacturer": "Wilkins"}, "model": "webapp.testmanufacturer", "pk": 1}, {"fields": {"test_manufacturer": "Midwest"}, "model": "webapp.testmanufacturer", "pk": 2}, {"fields": {"test_manufacturer": "Watts"}, "model": "webapp.testmanufacturer", "pk": 3}, {"fields": {"ic_point": "Yard"}, "model": "webapp.icpointtype", "pk": 1}, {"fields": {"ic_point": "Building"}, "model": "webapp.icpointtype", "pk": 2}, {"fields": {"assembly_location": "At Meter"}, "model": "webapp.assemblylocation", "pk": 1}, {"fields": {"assembly_location": "Internal"}, "model": "webapp.assemblylocation", "pk": 2}, {"fields": {"letter_type": "Test Due Date", "template": ""}, "model": "webapp.lettertype", "pk": 1}, {"fields": {"letter_type": "Install Due Date", "template": ""}, "model": "webapp.lettertype", "pk": 2}, {"fields": {"floors_count": "1"}, "model": "webapp.floorscount", "pk": 1}, {"fields": {"floors_count": "2"}, "model": "webapp.floorscount", "pk": 2}, {"fields": {"floors_count": "3 or more"}, "model": "webapp.floorscount", "pk": 3}, {"fields": {"special": "A"}, "model": "webapp.special", "pk": 1}, {"fields": {"special": "B"}, "model": "webapp.special", "pk": 2}, {"fields": {"special": "C"}, "model": "webapp.special", "pk": 3}, {"fields": {"special": "D"}, "model": "webapp.special", "pk": 4}, {"fields": {"special": "E"}, "model": "webapp.special", "pk": 5}, {"fields": {"orientation": "Horizontal"}, "model": "webapp.orientation", "pk": 1}, {"fields": {"orientation": "Vertical"}, "model": "webapp.orientation", "pk": 2}, {"fields": {"city": "First Customer city", "code": 1, "name": "First Customer name", "zip": "First", "address1": "First Customer address", "address2": "", "number": "Customer1", "apt": "", "phone": "", "state": "AL", "notes": ""}, "model": "webapp.customer", "pk": 1}, {"fields": {"city": "Houston", "code": 3, "name": "John Smith", "zip": "52901", "address1": "15, Washington St", "address2": "", "number": "ZXC2", "apt": "", "phone": "", "state": "TX", "notes": ""}, "model": "webapp.customer", "pk": 2}, {"fields": {"city": "Ancoridge", "code": 4, "name": "Mike Doe", "zip": "29021", "address1": "10, New St", "address2": "", "number": "SJK472", "apt": "", "phone": "", "state": "AK", "notes": ""}, "model": "webapp.customer", "pk": 3}, {"fields": {"city": "Washington", "code": 2, "name": "Amanda James", "zip": "90192", "address1": "White House", "address2": "", "number": "INM188", "apt": "", "phone": "", "state": "DC", "notes": ""}, "model": "webapp.customer", "pk": 4}, {"fields": {"city": "Los Angeles", "code": 1, "name": "Jane Asperson", "zip": "18212", "address1": "176, Beach Avenue", "address2": "", "number": "IKW182", "apt": "", "phone": "", "state": "CA", "notes": ""}, "model": "webapp.customer", "pk": 5}, {"fields": {"city": "Boston", "code": 4, "name": "Matt Asperson", "zip": "19212", "address1": "18, Park St", "address2": "", "number": "MIA281", "apt": "", "phone": "", "state": "MA", "notes": ""}, "model": "webapp.customer", "pk": 6}, {"fields": {"city": "Chikago", "code": 2, "name": "Giles Corey", "zip": "19021", "address1": "128, River Groove", "address2": "", "number": "OIK182", "apt": "", "phone": "", "state": "IL", "notes": ""}, "model": "webapp.customer", "pk": 7}, {"fields": {"city": "Seattle", "code": 3, "name": "Gabe Newell", "zip": "12382", "address1": "127", "address2": "", "number": "VALVE", "apt": "", "phone": "", "state": "WA", "notes": ""}, "model": "webapp.customer", "pk": 8}, {"fields": {"city": "Second PWS city", "notes": "Quisque lorem magna, tincidunt in tempor at, placerat ut augue. Duis mattis massa luctus dui blandit auctor. Donec erat tellus, varius at vulputate in, finibus quis lacus. Proin in dui sit amet ex dignissim molestie eget volutpat nibh. Proin vel iaculis l", "water_source": 2, "number": "PWS2", "name": "Second PWS"}, "model": "webapp.pws", "pk": 1}, {"fields": {"city": "First PWS city", "notes": "Lorem ipsum dolor sit amet, consectetur adipiscing elit. Ut id feugiat urna, in convallis dui. Fusce in luctus quam. In pellentesque porta nisi ut vulputate. Sed dignissim dolor felis, eget pellentesque dolor iaculis ut. Mauris at convallis odio. Mauris c", "water_source": 1, "number": "PWS1", "name": "First PWS"}, "model": "webapp.pws", "pk": 2}, {"fields": {"city": "Third PWS city", "notes": "This is test notes", "water_source": 3, "number": "PWS3", "name": "Third PWS"}, "model": "webapp.pws", "pk": 3}, {"fields": {"city": "Houston", "notes": "", "water_source": 3, "number": "XOL852", "name": "Houston PWS"}, "model": "webapp.pws", "pk": 4}, {"fields": {"city": "Ancoridge", "notes": "", "water_source": 3, "number": "AL202", "name": "Alaska Central PWS"}, "model": "webapp.pws", "pk": 5}, {"fields": {"city": "Washington", "notes": "", "water_source": 3, "number": "DOC121", "name": "White House PWS"}, "model": "webapp.pws", "pk": 6}, {"fields": {"city": "Los Angeles", "notes": "", "water_source": 2, "number": "LA200", "name": "Los Angeles Beach System"}, "model": "webapp.pws", "pk": 7}, {"fields": {"city": "Boston", "notes": "", "water_source": 2, "number": "KSL12", "name": "MIT Public Water System"}, "model": "webapp.pws", "pk": 8}, {"fields": {"city": "Chikago", "notes": "", "water_source": 1, "number": "NUI812", "name": "North USA PWS"}, "model": "webapp.pws", "pk": 9}, {"fields": {"city": "Seattle", "notes": "", "water_source": 2, "number": "SW12", "name": "South Western PWS"}, "model": "webapp.pws", "pk": 10}, {"fields": {"customer": 1, "city": "Second Site city", "irrigation_present": false, "pws": 1, "zip": "Second zip", "is_backflow": false, "connect_date": "2015-01-15", "address2": "", "next_survey_date": "2015-01-15", "apt": "", "state": "ID", "floors": 1, "site_type": 2, "potable_present": false, "address1": "Second Site address", "is_due_install": false, "fire_present": false, "interconnection_point": 1, "notes": "", "site_use": 1}, "model": "webapp.site", "pk": 1}, {"fields": {"customer": 1, "city": "First Site city", "irrigation_present": false, "pws": 2, "zip": "First zip", "is_backflow": false, "connect_date": "2015-01-15", "address2": "", "next_survey_date": null, "apt": "", "state": "AK", "floors": 1, "site_type": 8, "potable_present": false, "address1": "First Site address", "is_due_install": false, "fire_present": false, "interconnection_point": 1, "notes": "", "site_use": 3}, "model": "webapp.site", "pk": 2}, {"fields": {"customer": 2, "city": "Houston", "irrigation_present": false, "pws": 4, "zip": "50396", "is_backflow": false, "connect_date": "2015-01-22", "address2": "", "next_survey_date": null, "apt": "", "state": "TX", "floors": 3, "site_type": 4, "potable_present": true, "address1": "56, 27 Avenue", "is_due_install": false, "fire_present": false, "interconnection_point": 2, "notes": "", "site_use": 6}, "model": "webapp.site", "pk": 3}, {"fields": {"customer": 3, "city": "Ancoridge", "irrigation_present": false, "pws": 9, "zip": "39012", "is_backflow": false, "connect_date": "2015-01-22", "address2": "", "next_survey_date": null, "apt": "", "state": "AK", "floors": 3, "site_type": 11, "potable_present": true, "address1": "18/12, Central Square", "is_due_install": false, "fire_present": false, "interconnection_point": 2, "notes": "", "site_use": 5}, "model": "webapp.site", "pk": 4}, {"fields": {"customer": 4, "city": "Washington", "irrigation_present": false, "pws": 6, "zip": "80192", "is_backflow": false, "connect_date": "2015-01-22", "address2": "", "next_survey_date": null, "apt": "", "state": "DC", "floors": 3, "site_type": 31, "potable_present": false, "address1": "White House", "is_due_install": false, "fire_present": true, "interconnection_point": 1, "notes": "", "site_use": 3}, "model": "webapp.site", "pk": 5}, {"fields": {"customer": 4, "city": "New York", "irrigation_present": false, "pws": 6, "zip": "89012", "is_backflow": false, "connect_date": null, "address2": "", "next_survey_date": null, "apt": "", "state": "NY", "floors": 3, "site_type": 31, "potable_present": false, "address1": "Manhattan", "is_due_install": false, "fire_present": false, "interconnection_point": 2, "notes": "", "site_use": 7}, "model": "webapp.site", "pk": 6}, {"fields": {"customer": 5, "city": "Los Angeles", "irrigation_present": false, "pws": 7, "zip": "18012", "is_backflow": false, "connect_date": "2015-01-22", "address2": "", "next_survey_date": null, "apt": "", "state": "CA", "floors": 3, "site_type": 11, "potable_present": true, "address1": "745, 18 Avenue", "is_due_install": false, "fire_present": true, "interconnection_point": 2, "notes": "", "site_use": 1}, "model": "webapp.site", "pk": 7}, {"fields": {"customer": 6, "city": "Boston", "irrigation_present": false, "pws": 8, "zip": "10292", "is_backflow": false, "connect_date": null, "address2": "", "next_survey_date": null, "apt": "", "state": "MA", "floors": 3, "site_type": 1, "potable_present": true, "address1": "182, Freeport St", "is_due_install": false, "fire_present": false, "interconnection_point": 2, "notes": "", "site_use": 5}, "model": "webapp.site", "pk": 8}, {"fields": {"customer": 7, "city": "Chikago", "irrigation_present": false, "pws": 9, "zip": "00192", "is_backflow": false, "connect_date": null, "address2": "", "next_survey_date": null, "apt": "", "state": "IL", "floors": 1, "site_type": 19, "potable_present": true, "address1": "121, Broadview", "is_due_install": false, "fire_present": false, "interconnection_point": 1, "notes": "", "site_use": 5}, "model": "webapp.site", "pk": 9}, {"fields": {"customer": 8, "city": "Seattle", "irrigation_present": true, "pws": 9, "zip": "18921", "is_backflow": false, "connect_date": null, "address2": "", "next_survey_date": null, "apt": "", "state": "WA", "floors": 2, "site_type": 4, "potable_present": true, "address1": "98, South Jackson st", "is_due_install": false, "fire_present": false, "interconnection_point": 1, "notes": "", "site_use": 1}, "model": "webapp.site", "pk": 10}, {"fields": {"service_type": 2, "notes": "", "site": 3}, "model": "webapp.service", "pk": 1}, {"fields": {"service_type": 2, "notes": "", "site": 5}, "model": "webapp.service", "pk": 2}, {"fields": {"service_type": 3, "notes": "", "site": 5}, "model": "webapp.service", "pk": 3}, {"fields": {"service_type": 4, "notes": "", "site": 5}, "model": "webapp.service", "pk": 4}, {"fields": {"service_type": 3, "notes": "", "site": 3}, "model": "webapp.service", "pk": 5}, {"fields": {"service_type": 4, "notes": "", "site": 3}, "model": "webapp.service", "pk": 6}, {"fields": {"service_type": 2, "notes": "", "site": 1}, "model": "webapp.service", "pk": 7}, {"fields": {"service_type": 3, "notes": "", "site": 1}, "model": "webapp.service", "pk": 8}, {"fields": {"service_type": 4, "notes": "", "site": 1}, "model": "webapp.service", "pk": 9}, {"fields": {"service_type": 2, "notes": "", "site": 2}, "model": "webapp.service", "pk": 10}, {"fields": {"service_type": 3, "notes": "", "site": 2}, "model": "webapp.service", "pk": 11}, {"fields": {"service_type": 4, "notes": "", "site": 2}, "model": "webapp.service", "pk": 12}, {"fields": {"service_type": 2, "notes": "", "site": 4}, "model": "webapp.service", "pk": 13}, {"fields": {"service_type": 3, "notes": "", "site": 4}, "model": "webapp.service", "pk": 14}, {"fields": {"service_type": 4, "notes": "", "site": 4}, "model": "webapp.service", "pk": 15}, {"fields": {"service_type": 2, "notes": "", "site": 6}, "model": "webapp.service", "pk": 16}, {"fields": {"service_type": 3, "notes": "", "site": 6}, "model": "webapp.service", "pk": 19}, {"fields": {"service_type": 4, "notes": "", "site": 6}, "model": "webapp.service", "pk": 20}, {"fields": {"service_type": 2, "notes": "", "site": 7}, "model": "webapp.service", "pk": 21}, {"fields": {"service_type": 3, "notes": "", "site": 7}, "model": "webapp.service", "pk": 22}, {"fields": {"service_type": 4, "notes": "", "site": 7}, "model": "webapp.service", "pk": 23}, {"fields": {"service_type": 2, "notes": "", "site": 8}, "model": "webapp.service", "pk": 24}, {"fields": {"service_type": 3, "notes": "", "site": 8}, "model": "webapp.service", "pk": 25}, {"fields": {"service_type": 4, "notes": "", "site": 8}, "model": "webapp.service", "pk": 26}, {"fields": {"service_type": 2, "notes": "", "site": 9}, "model": "webapp.service", "pk": 27}, {"fields": {"service_type": 3, "notes": "", "site": 9}, "model": "webapp.service", "pk": 28}, {"fields": {"service_type": 4, "notes": "", "site": 9}, "model": "webapp.service", "pk": 29}, {"fields": {"service_type": 2, "notes": "", "site": 10}, "model": "webapp.service", "pk": 30}, {"fields": {"service_type": 3, "notes": "", "site": 10}, "model": "webapp.service", "pk": 31}, {"fields": {"service_type": 4, "notes": "", "site": 10}, "model": "webapp.service", "pk": 32}, {"fields": {"codename": "add_logentry", "name": "Can add log entry", "content_type": 1}, "model": "auth.permission", "pk": 1}, {"fields": {"codename": "change_logentry", "name": "Can change log entry", "content_type": 1}, "model": "auth.permission", "pk": 2}, {"fields": {"codename": "delete_logentry", "name": "Can delete log entry", "content_type": 1}, "model": "auth.permission", "pk": 3}, {"fields": {"codename": "add_permission", "name": "Can add permission", "content_type": 2}, "model": "auth.permission", "pk": 4}, {"fields": {"codename": "change_permission", "name": "Can change permission", "content_type": 2}, "model": "auth.permission", "pk": 5}, {"fields": {"codename": "delete_permission", "name": "Can delete permission", "content_type": 2}, "model": "auth.permission", "pk": 6}, {"fields": {"codename": "add_group", "name": "Can add group", "content_type": 3}, "model": "auth.permission", "pk": 7}, {"fields": {"codename": "change_group", "name": "Can change group", "content_type": 3}, "model": "auth.permission", "pk": 8}, {"fields": {"codename": "delete_group", "name": "Can delete group", "content_type": 3}, "model": "auth.permission", "pk": 9}, {"fields": {"codename": "add_user", "name": "Can add user", "content_type": 4}, "model": "auth.permission", "pk": 10}, {"fields": {"codename": "change_user", "name": "Can change user", "content_type": 4}, "model": "auth.permission", "pk": 11}, {"fields": {"codename": "delete_user", "name": "Can delete user", "content_type": 4}, "model": "auth.permission", "pk": 12}, {"fields": {"codename": "add_contenttype", "name": "Can add content type", "content_type": 5}, "model": "auth.permission", "pk": 13}, {"fields": {"codename": "change_contenttype", "name": "Can change content type", "content_type": 5}, "model": "auth.permission", "pk": 14}, {"fields": {"codename": "delete_contenttype", "name": "Can delete content type", "content_type": 5}, "model": "auth.permission", "pk": 15}, {"fields": {"codename": "add_session", "name": "Can add session", "content_type": 6}, "model": "auth.permission", "pk": 16}, {"fields": {"codename": "change_session", "name": "Can change session", "content_type": 6}, "model": "auth.permission", "pk": 17}, {"fields": {"codename": "delete_session", "name": "Can delete session", "content_type": 6}, "model": "auth.permission", "pk": 18}, {"fields": {"codename": "add_sourcetype", "name": "Can add Source Type", "content_type": 7}, "model": "auth.permission", "pk": 19}, {"fields": {"codename": "change_sourcetype", "name": "Can change Source Type", "content_type": 7}, "model": "auth.permission", "pk": 20}, {"fields": {"codename": "delete_sourcetype", "name": "Can delete Source Type", "content_type": 7}, "model": "auth.permission", "pk": 21}, {"fields": {"codename": "add_sitetype", "name": "Can add Site Type", "content_type": 8}, "model": "auth.permission", "pk": 22}, {"fields": {"codename": "change_sitetype", "name": "Can change Site Type", "content_type": 8}, "model": "auth.permission", "pk": 23}, {"fields": {"codename": "delete_sitetype", "name": "Can delete Site Type", "content_type": 8}, "model": "auth.permission", "pk": 24}, {"fields": {"codename": "add_siteuse", "name": "Can add Site Use", "content_type": 9}, "model": "auth.permission", "pk": 25}, {"fields": {"codename": "change_siteuse", "name": "Can change Site Use", "content_type": 9}, "model": "auth.permission", "pk": 26}, {"fields": {"codename": "delete_siteuse", "name": "Can delete Site Use", "content_type": 9}, "model": "auth.permission", "pk": 27}, {"fields": {"codename": "add_servicetype", "name": "Can add Service Type", "content_type": 10}, "model": "auth.permission", "pk": 28}, {"fields": {"codename": "change_servicetype", "name": "Can change Service Type", "content_type": 10}, "model": "auth.permission", "pk": 29}, {"fields": {"codename": "delete_servicetype", "name": "Can delete Service Type", "content_type": 10}, "model": "auth.permission", "pk": 30}, {"fields": {"codename": "add_surveytype", "name": "Can add Survey Type", "content_type": 11}, "model": "auth.permission", "pk": 31}, {"fields": {"codename": "change_surveytype", "name": "Can change Survey Type", "content_type": 11}, "model": "auth.permission", "pk": 32}, {"fields": {"codename": "delete_surveytype", "name": "Can delete Survey Type", "content_type": 11}, "model": "auth.permission", "pk": 33}, {"fields": {"codename": "add_bptype", "name": "Can add BFP Type", "content_type": 12}, "model": "auth.permission", "pk": 34}, {"fields": {"codename": "change_bptype", "name": "Can change BFP Type", "content_type": 12}, "model": "auth.permission", "pk": 35}, {"fields": {"codename": "delete_bptype", "name": "Can delete BFP Type", "content_type": 12}, "model": "auth.permission", "pk": 36}, {"fields": {"codename": "add_bpsize", "name": "Can add BFP Size", "content_type": 13}, "model": "auth.permission", "pk": 37}, {"fields": {"codename": "change_bpsize", "name": "Can change BFP Size", "content_type": 13}, "model": "auth.permission", "pk": 38}, {"fields": {"codename": "delete_bpsize", "name": "Can delete BFP Size", "content_type": 13}, "model": "auth.permission", "pk": 39}, {"fields": {"codename": "add_bpmanufacturer", "name": "Can add BFP Manufacturer", "content_type": 14}, "model": "auth.permission", "pk": 40}, {"fields": {"codename": "change_bpmanufacturer", "name": "Can change BFP Manufacturer", "content_type": 14}, "model": "auth.permission", "pk": 41}, {"fields": {"codename": "delete_bpmanufacturer", "name": "Can delete BFP Manufacturer", "content_type": 14}, "model": "auth.permission", "pk": 42}, {"fields": {"codename": "add_customercode", "name": "Can add Customer Code", "content_type": 15}, "model": "auth.permission", "pk": 43}, {"fields": {"codename": "change_customercode", "name": "Can change Customer Code", "content_type": 15}, "model": "auth.permission", "pk": 44}, {"fields": {"codename": "delete_customercode", "name": "Can delete Customer Code", "content_type": 15}, "model": "auth.permission", "pk": 45}, {"fields": {"codename": "add_hazardtype", "name": "Can add Hazard Type", "content_type": 16}, "model": "auth.permission", "pk": 46}, {"fields": {"codename": "change_hazardtype", "name": "Can change Hazard Type", "content_type": 16}, "model": "auth.permission", "pk": 47}, {"fields": {"codename": "delete_hazardtype", "name": "Can delete Hazard Type", "content_type": 16}, "model": "auth.permission", "pk": 48}, {"fields": {"codename": "add_testmanufacturer", "name": "Can add Test Manufacturer", "content_type": 17}, "model": "auth.permission", "pk": 49}, {"fields": {"codename": "change_testmanufacturer", "name": "Can change Test Manufacturer", "content_type": 17}, "model": "auth.permission", "pk": 50}, {"fields": {"codename": "delete_testmanufacturer", "name": "Can delete Test Manufacturer", "content_type": 17}, "model": "auth.permission", "pk": 51}, {"fields": {"codename": "add_icpointtype", "name": "Can add Interconnection Point Type", "content_type": 18}, "model": "auth.permission", "pk": 52}, {"fields": {"codename": "change_icpointtype", "name": "Can change Interconnection Point Type", "content_type": 18}, "model": "auth.permission", "pk": 53}, {"fields": {"codename": "delete_icpointtype", "name": "Can delete Interconnection Point Type", "content_type": 18}, "model": "auth.permission", "pk": 54}, {"fields": {"codename": "add_assemblylocation", "name": "Can add Assembly Location", "content_type": 19}, "model": "auth.permission", "pk": 55}, {"fields": {"codename": "change_assemblylocation", "name": "Can change Assembly Location", "content_type": 19}, "model": "auth.permission", "pk": 56}, {"fields": {"codename": "delete_assemblylocation", "name": "Can delete Assembly Location", "content_type": 19}, "model": "auth.permission", "pk": 57}, {"fields": {"codename": "add_lettertype", "name": "Can add Letter Type", "content_type": 20}, "model": "auth.permission", "pk": 58}, {"fields": {"codename": "change_lettertype", "name": "Can change Letter Type", "content_type": 20}, "model": "auth.permission", "pk": 59}, {"fields": {"codename": "delete_lettertype", "name": "Can delete Letter Type", "content_type": 20}, "model": "auth.permission", "pk": 60}, {"fields": {"codename": "add_floorscount", "name": "Can add Floors Count", "content_type": 21}, "model": "auth.permission", "pk": 61}, {"fields": {"codename": "change_floorscount", "name": "Can change Floors Count", "content_type": 21}, "model": "auth.permission", "pk": 62}, {"fields": {"codename": "delete_floorscount", "name": "Can delete Floors Count", "content_type": 21}, "model": "auth.permission", "pk": 63}, {"fields": {"codename": "add_special", "name": "Can add Special", "content_type": 22}, "model": "auth.permission", "pk": 64}, {"fields": {"codename": "change_special", "name": "Can change Special", "content_type": 22}, "model": "auth.permission", "pk": 65}, {"fields": {"codename": "delete_special", "name": "Can delete Special", "content_type": 22}, "model": "auth.permission", "pk": 66}, {"fields": {"codename": "add_orientation", "name": "Can add Orientation Type", "content_type": 23}, "model": "auth.permission", "pk": 67}, {"fields": {"codename": "change_orientation", "name": "Can change Orientation Type", "content_type": 23}, "model": "auth.permission", "pk": 68}, {"fields": {"codename": "delete_orientation", "name": "Can delete Orientation Type", "content_type": 23}, "model": "auth.permission", "pk": 69}, {"fields": {"codename": "add_employee", "name": "Can add employee", "content_type": 24}, "model": "auth.permission", "pk": 70}, {"fields": {"codename": "change_employee", "name": "Can change employee", "content_type": 24}, "model": "auth.permission", "pk": 71}, {"fields": {"codename": "delete_employee", "name": "Can delete employee", "content_type": 24}, "model": "auth.permission", "pk": 72}, {"fields": {"codename": "add_customer", "name": "Can add Customer", "content_type": 25}, "model": "auth.permission", "pk": 73}, {"fields": {"codename": "change_customer", "name": "Can change Customer", "content_type": 25}, "model": "auth.permission", "pk": 74}, {"fields": {"codename": "delete_customer", "name": "Can delete Customer", "content_type": 25}, "model": "auth.permission", "pk": 75}, {"fields": {"codename": "add_pws", "name": "Can add Public Water System", "content_type": 26}, "model": "auth.permission", "pk": 76}, {"fields": {"codename": "change_pws", "name": "Can change Public Water System", "content_type": 26}, "model": "auth.permission", "pk": 77}, {"fields": {"codename": "delete_pws", "name": "Can delete Public Water System", "content_type": 26}, "model": "auth.permission", "pk": 78}, {"fields": {"codename": "add_site", "name": "Can add Site", "content_type": 27}, "model": "auth.permission", "pk": 79}, {"fields": {"codename": "change_site", "name": "Can change Site", "content_type": 27}, "model": "auth.permission", "pk": 80}, {"fields": {"codename": "delete_site", "name": "Can delete Site", "content_type": 27}, "model": "auth.permission", "pk": 81}, {"fields": {"codename": "add_service", "name": "Can add Service", "content_type": 28}, "model": "auth.permission", "pk": 82}, {"fields": {"codename": "change_service", "name": "Can change Service", "content_type": 28}, "model": "auth.permission", "pk": 83}, {"fields": {"codename": "delete_service", "name": "Can delete Service", "content_type": 28}, "model": "auth.permission", "pk": 84}, {"fields": {"codename": "add_survey", "name": "Can add Survey", "content_type": 29}, "model": "auth.permission", "pk": 85}, {"fields": {"codename": "change_survey", "name": "Can change Survey", "content_type": 29}, "model": "auth.permission", "pk": 86}, {"fields": {"codename": "delete_survey", "name": "Can delete Survey", "content_type": 29}, "model": "auth.permission", "pk": 87}, {"fields": {"codename": "add_hazard", "name": "Can add Hazard", "content_type": 30}, "model": "auth.permission", "pk": 88}, {"fields": {"codename": "change_hazard", "name": "Can change Hazard", "content_type": 30}, "model": "auth.permission", "pk": 89}, {"fields": {"codename": "delete_hazard", "name": "Can delete Hazard", "content_type": 30}, "model": "auth.permission", "pk": 90}, {"fields": {"codename": "add_test", "name": "Can add Test", "content_type": 31}, "model": "auth.permission", "pk": 91}, {"fields": {"codename": "change_test", "name": "Can change Test", "content_type": 31}, "model": "auth.permission", "pk": 92}, {"fields": {"codename": "delete_test", "name": "Can delete Test", "content_type": 31}, "model": "auth.permission", "pk": 93}, {"fields": {"codename": "add_letter", "name": "Can add Letter", "content_type": 32}, "model": "auth.permission", "pk": 94}, {"fields": {"codename": "change_letter", "name": "Can change Letter", "content_type": 32}, "model": "auth.permission", "pk": 95}, {"fields": {"codename": "delete_letter", "name": "Can delete Letter", "content_type": 32}, "model": "auth.permission", "pk": 96}, {"fields": {"codename": "add_licence", "name": "Can add Licence", "content_type": 33}, "model": "auth.permission", "pk": 97}, {"fields": {"codename": "change_licence", "name": "Can change Licence", "content_type": 33}, "model": "auth.permission", "pk": 98}, {"fields": {"codename": "delete_licence", "name": "Can delete Licence", "content_type": 33}, "model": "auth.permission", "pk": 99}, {"fields": {"codename": "add_testpermission", "name": "Can add Test Permission", "content_type": 34}, "model": "auth.permission", "pk": 100}, {"fields": {"codename": "change_testpermission", "name": "Can change Test Permission", "content_type": 34}, "model": "auth.permission", "pk": 101}, {"fields": {"codename": "delete_testpermission", "name": "Can delete Test Permission", "content_type": 34}, "model": "auth.permission", "pk": 102}, {"fields": {"codename": "add_inspection", "name": "Can add Inspection", "content_type": 35}, "model": "auth.permission", "pk": 103}, {"fields": {"codename": "change_inspection", "name": "Can change Inspection", "content_type": 35}, "model": "auth.permission", "pk": 104}, {"fields": {"codename": "delete_inspection", "name": "Can delete Inspection", "content_type": 35}, "model": "auth.permission", "pk": 105}, {"fields": {"codename": "add_customer", "name": "Can add Customer", "content_type": 24}, "model": "auth.permission", "pk": 106}, {"fields": {"codename": "change_customer", "name": "Can change Customer", "content_type": 24}, "model": "auth.permission", "pk": 107}, {"fields": {"codename": "delete_customer", "name": "Can delete Customer", "content_type": 24}, "model": "auth.permission", "pk": 108}, {"fields": {"codename": "add_pws", "name": "Can add Public Water System", "content_type": 25}, "model": "auth.permission", "pk": 109}, {"fields": {"codename": "change_pws", "name": "Can change Public Water System", "content_type": 25}, "model": "auth.permission", "pk": 110}, {"fields": {"codename": "delete_pws", "name": "Can delete Public Water System", "content_type": 25}, "model": "auth.permission", "pk": 111}, {"fields": {"codename": "add_employee", "name": "Can add employee", "content_type": 26}, "model": "auth.permission", "pk": 112}, {"fields": {"codename": "change_employee", "name": "Can change employee", "content_type": 26}, "model": "auth.permission", "pk": 113}, {"fields": {"codename": "delete_employee", "name": "Can delete employee", "content_type": 26}, "model": "auth.permission", "pk": 114}, {"fields": {"name": "Testers", "permissions": [89, 91, 92]}, "model": "auth.group", "pk": 1}, {"fields": {"name": "Surveyors", "permissions": [88, 89, 85, 86]}, "model": "auth.group", "pk": 2}, {"fields": {"name": "Administrators", "permissions": [55, 56, 57, 40, 41, 42, 37, 38, 39, 34, 35, 36, 70, 71, 72, 43, 44, 45, 76, 77, 78, 61, 62, 63, 88, 89, 90, 46, 47, 48, 52, 53, 54, 103, 104, 105, 94, 95, 96, 58, 59, 60, 97, 98, 99, 67, 68, 69, 73, 74, 75, 82, 83, 84, 28, 29, 30, 79, 80, 81, 22, 23, 24, 25, 26, 27, 19, 20, 21, 64, 65, 66, 85, 86, 87, 31, 32, 33, 91, 92, 93, 49, 50, 51, 100, 101, 102]}, "model": "auth.group", "pk": 3}, {"fields": {"name": "SuperAdministrators", "permissions": [1, 2, 3, 7, 8, 9, 4, 5, 6, 10, 11, 12, 13, 14, 15, 16, 17, 18, 55, 56, 57, 40, 41, 42, 37, 38, 39, 34, 35, 36, 70, 71, 72, 43, 44, 45, 76, 77, 78, 61, 62, 63, 88, 89, 90, 46, 47, 48, 52, 53, 54, 103, 104, 105, 94, 95, 96, 58, 59, 60, 97, 98, 99, 67, 68, 69, 73, 74, 75, 82, 83, 84, 28, 29, 30, 79, 80, 81, 22, 23, 24, 25, 26, 27, 19, 20, 21, 64, 65, 66, 85, 86, 87, 31, 32, 33, 91, 92, 93, 49, 50, 51, 100, 101, 102]}, "model": "auth.group", "pk": 4}, {"fields": {"username": "root", "first_name": "root", "last_name": "root", "is_active": true, "is_superuser": true, "is_staff": true, "last_login": "2015-01-22T08:00:01Z", "groups": [4], "user_permissions": [], "password": "pbkdf2_sha256$12000$u9z9TV8pJf6r$ARP9lroecfgLdtEcUbYrgWCrti36AwnvEZ3I0ThseE8=", "email": "thesomeq@gmail.com", "date_joined": "2015-01-12T06:14:02Z"}, "model": "auth.user", "pk": 1}, {"fields": {"username": "tester", "first_name": "tester", "last_name": "tester", "is_active": true, "is_superuser": false, "is_staff": true, "last_login": "2015-01-21T04:44:59Z", "groups": [1], "user_permissions": [], "password": "pbkdf2_sha256$12000$f1AektJQFT9r$JThfdyKIkuljMhpViPjrV3FHOwD7wviP4FygzknllYY=", "email": "", "date_joined": "2015-01-15T10:53:43Z"}, "model": "auth.user", "pk": 2}, {"fields": {"username": "surveyor", "first_name": "surveyor", "last_name": "surveyor", "is_active": true, "is_superuser": false, "is_staff": true, "last_login": "2015-01-21T04:45:00Z", "groups": [2], "user_permissions": [], "password": "pbkdf2_sha256$12000$I4iwX5QbCR4Y$5QMZNxhNEET9GCF3jscIPQFlTCkMXcAVjr9wnAAg+io=", "email": "", "date_joined": "2015-01-15T10:55:12Z"}, "model": "auth.user", "pk": 3}, {"fields": {"username": "admin", "first_name": "admin", "last_name": "admin", "is_active": true, "is_superuser": false, "is_staff": true, "last_login": "2015-01-22T08:10:09Z", "groups": [3], "user_permissions": [], "password": "pbkdf2_sha256$12000$8ESmszcAfMs8$jEm7zn5Xz8x12Bmye3UlKjL/1WUDqz9OkygH7QnHlOQ=", "email": "", "date_joined": "2015-01-15T10:55:45Z"}, "model": "auth.user", "pk": 4}, {"fields": {"city": "root city", "fax": "", "pws": null, "zip": "root zip", "phone2": "", "company": "root company", "phone1": "root phone", "state": "AK", "user": 1, "address": "root address"}, "model": "webapp.employee", "pk": 1}, {"fields": {"city": "tester city", "fax": "", "pws": null, "zip": "tester zip", "phone2": "", "company": "tester company", "phone1": "tester phone", "state": "AL", "user": 2, "address": "tester address"}, "model": "webapp.employee", "pk": 2}, {"fields": {"city": "surveyor city", "fax": "", "pws": null, "zip": "survey zip", "phone2": "", "company": "surveyor company", "phone1": "surveyor phone", "state": "AR", "user": 3, "address": "surveyor address"}, "model": "webapp.employee", "pk": 3}, {"fields": {"city": "admin city", "fax": "", "pws": 9, "zip": "admin zip", "phone2": "", "company": "admin company", "phone1": "admin phone", "state": "KY", "user": 4, "address": "admin address"}, "model": "webapp.employee", "pk": 4}, {"fields": {"given_by": 1, "end_date": "2015-04-30", "notes": "", "is_active": true, "given_to": 4, "start_date": "2015-01-01"}, "model": "webapp.licence", "pk": 1}, {"fields": {"due_date": "2015-01-15", "given_date": "2015-01-15", "given_by": 4, "notes": "", "is_active": true, "site": 1, "given_to": 2}, "model": "webapp.testpermission", "pk": 1}, {"fields": {"due_date": "2015-04-30", "given_date": "2015-01-22", "given_by": 1, "notes": "", "is_active": true, "site": 6, "given_to": 2}, "model": "webapp.testpermission", "pk": 2}, {"fields": {"assigned_by": 1, "notes": "", "is_active": true, "site": 2, "assigned_to": 3, "assigned_date": "2015-01-15"}, "model": "webapp.inspection", "pk": 1}, {"fields": {"assigned_by": 1, "notes": "", "is_active": true, "site": 10, "assigned_to": 3, "assigned_date": "2015-01-22"}, "model": "webapp.inspection", "pk": 2}, {"fields": {"action_flag": 1, "action_time": "2015-01-20T07:44:42Z", "object_repr": "wtryrey wtrty, 2015-01-01", "object_id": "1", "change_message": "", "user": 1, "content_type": 33}, "model": "admin.logentry", "pk": 1}, {"fields": {"action_flag": 2, "action_time": "2015-01-20T07:48:03Z", "object_repr": "admin", "object_id": "4", "change_message": "Changed first_name and last_name. Changed address, city, zip, company and phone1 for employee \"Employee object\".", "user": 1, "content_type": 4}, "model": "admin.logentry", "pk": 2}, {"fields": {"action_flag": 2, "action_time": "2015-01-20T07:48:32Z", "object_repr": "root", "object_id": "1", "change_message": "Changed first_name and last_name. Changed address, city, zip, company and phone1 for employee \"Employee object\".", "user": 1, "content_type": 4}, "model": "admin.logentry", "pk": 3}, {"fields": {"action_flag": 2, "action_time": "2015-01-20T07:49:29Z", "object_repr": "surveyor", "object_id": "3", "change_message": "Changed first_name and last_name. Changed address, city, zip, company and phone1 for employee \"Employee object\".", "user": 1, "content_type": 4}, "model": "admin.logentry", "pk": 4}, {"fields": {"action_flag": 2, "action_time": "2015-01-20T07:49:36Z", "object_repr": "surveyor", "object_id": "3", "change_message": "No fields changed.", "user": 1, "content_type": 4}, "model": "admin.logentry", "pk": 5}, {"fields": {"action_flag": 2, "action_time": "2015-01-20T07:50:04Z", "object_repr": "tester", "object_id": "2", "change_message": "Changed first_name and last_name. Changed address, city, zip, company and phone1 for employee \"Employee object\".", "user": 1, "content_type": 4}, "model": "admin.logentry", "pk": 6}, {"fields": {"action_flag": 2, "action_time": "2015-01-20T07:51:16Z", "object_repr": "First PWS, First PWS city", "object_id": "2", "change_message": "Changed number, name and city.", "user": 1, "content_type": 25}, "model": "admin.logentry", "pk": 7}, {"fields": {"action_flag": 2, "action_time": "2015-01-20T07:51:32Z", "object_repr": "Second PWS, Second PWS city", "object_id": "1", "change_message": "Changed number, name and city.", "user": 1, "content_type": 25}, "model": "admin.logentry", "pk": 8}, {"fields": {"action_flag": 2, "action_time": "2015-01-20T07:53:21Z", "object_repr": "First Customer name, First Customer city", "object_id": "1", "change_message": "Changed number, name, address1, city and zip.", "user": 1, "content_type": 24}, "model": "admin.logentry", "pk": 9}, {"fields": {"action_flag": 2, "action_time": "2015-01-20T07:59:23Z", "object_repr": "First Site city, First Site address", "object_id": "2", "change_message": "Changed address1, apt, city and zip.", "user": 1, "content_type": 27}, "model": "admin.logentry", "pk": 10}, {"fields": {"action_flag": 2, "action_time": "2015-01-20T08:02:31Z", "object_repr": "Bishkek, Second Site address", "object_id": "1", "change_message": "Changed address1, state and zip.", "user": 1, "content_type": 27}, "model": "admin.logentry", "pk": 11}, {"fields": {"action_flag": 2, "action_time": "2015-01-20T08:02:42Z", "object_repr": "Second Site city, Second Site address", "object_id": "1", "change_message": "Changed city.", "user": 1, "content_type": 27}, "model": "admin.logentry", "pk": 12}, {"fields": {"action_flag": 2, "action_time": "2015-01-21T08:53:01Z", "object_repr": "First PWS, First PWS city", "object_id": "2", "change_message": "Changed notes.", "user": 1, "content_type": 25}, "model": "admin.logentry", "pk": 13}, {"fields": {"action_flag": 2, "action_time": "2015-01-21T08:53:10Z", "object_repr": "Second PWS, Second PWS city", "object_id": "1", "change_message": "Changed notes.", "user": 1, "content_type": 25}, "model": "admin.logentry", "pk": 14}, {"fields": {"action_flag": 1, "action_time": "2015-01-22T05:25:24Z", "object_repr": "John Smith, Houston", "object_id": "2", "change_message": "", "user": 1, "content_type": 24}, "model": "admin.logentry", "pk": 15}, {"fields": {"action_flag": 1, "action_time": "2015-01-22T05:26:02Z", "object_repr": "Houston PWS, Houston", "object_id": "4", "change_message": "", "user": 1, "content_type": 25}, "model": "admin.logentry", "pk": 16}, {"fields": {"action_flag": 1, "action_time": "2015-01-22T05:26:47Z", "object_repr": "Houston, 56, 27 Avenue", "object_id": "3", "change_message": "", "user": 1, "content_type": 27}, "model": "admin.logentry", "pk": 17}, {"fields": {"action_flag": 1, "action_time": "2015-01-22T05:28:04Z", "object_repr": "Mike Doe, Ancoridge", "object_id": "3", "change_message": "", "user": 1, "content_type": 24}, "model": "admin.logentry", "pk": 18}, {"fields": {"action_flag": 1, "action_time": "2015-01-22T05:28:28Z", "object_repr": "Alaska Central PWS, Ancoridge", "object_id": "5", "change_message": "", "user": 1, "content_type": 25}, "model": "admin.logentry", "pk": 19}, {"fields": {"action_flag": 1, "action_time": "2015-01-22T05:29:07Z", "object_repr": "Ancoridge, 18/12, Central Square", "object_id": "4", "change_message": "", "user": 1, "content_type": 27}, "model": "admin.logentry", "pk": 20}, {"fields": {"action_flag": 1, "action_time": "2015-01-22T05:30:48Z", "object_repr": "Amanda James, Washington", "object_id": "4", "change_message": "", "user": 1, "content_type": 24}, "model": "admin.logentry", "pk": 21}, {"fields": {"action_flag": 1, "action_time": "2015-01-22T05:31:27Z", "object_repr": "White House PWS, Washington", "object_id": "6", "change_message": "", "user": 1, "content_type": 25}, "model": "admin.logentry", "pk": 22}, {"fields": {"action_flag": 1, "action_time": "2015-01-22T05:32:48Z", "object_repr": "Washington, White House", "object_id": "5", "change_message": "", "user": 1, "content_type": 27}, "model": "admin.logentry", "pk": 23}, {"fields": {"action_flag": 1, "action_time": "2015-01-22T05:35:09Z", "object_repr": "New York, Manhattan", "object_id": "6", "change_message": "", "user": 1, "content_type": 27}, "model": "admin.logentry", "pk": 24}, {"fields": {"action_flag": 1, "action_time": "2015-01-22T05:49:25Z", "object_repr": "Jane Asperson, Los Angeles", "object_id": "5", "change_message": "", "user": 1, "content_type": 24}, "model": "admin.logentry", "pk": 25}, {"fields": {"action_flag": 1, "action_time": "2015-01-22T05:50:03Z", "object_repr": "Los Angeles Beach System, Los Angeles", "object_id": "7", "change_message": "", "user": 1, "content_type": 25}, "model": "admin.logentry", "pk": 26}, {"fields": {"action_flag": 1, "action_time": "2015-01-22T05:50:52Z", "object_repr": "Los Angeles, 745, 18 Avenue", "object_id": "7", "change_message": "", "user": 1, "content_type": 27}, "model": "admin.logentry", "pk": 27}, {"fields": {"action_flag": 1, "action_time": "2015-01-22T05:54:00Z", "object_repr": "Houston, 56, 27 Avenue, Fire", "object_id": "1", "change_message": "", "user": 1, "content_type": 28}, "model": "admin.logentry", "pk": 28}, {"fields": {"action_flag": 2, "action_time": "2015-01-22T05:55:12Z", "object_repr": "New York, Manhattan", "object_id": "6", "change_message": "Changed fire_present and irrigation_present.", "user": 1, "content_type": 27}, "model": "admin.logentry", "pk": 29}, {"fields": {"action_flag": 2, "action_time": "2015-01-22T06:04:16Z", "object_repr": "New York, Manhattan", "object_id": "6", "change_message": "Changed potable_present, fire_present and irrigation_present.", "user": 1, "content_type": 27}, "model": "admin.logentry", "pk": 30}, {"fields": {"action_flag": 2, "action_time": "2015-01-22T06:04:55Z", "object_repr": "Washington, White House", "object_id": "5", "change_message": "Changed potable_present.", "user": 1, "content_type": 27}, "model": "admin.logentry", "pk": 31}, {"fields": {"action_flag": 2, "action_time": "2015-01-22T06:05:19Z", "object_repr": "Washington, White House", "object_id": "5", "change_message": "Changed fire_present.", "user": 1, "content_type": 27}, "model": "admin.logentry", "pk": 32}, {"fields": {"action_flag": 1, "action_time": "2015-01-22T06:06:44Z", "object_repr": "Washington, White House, Fire", "object_id": "2", "change_message": "", "user": 1, "content_type": 28}, "model": "admin.logentry", "pk": 33}, {"fields": {"action_flag": 1, "action_time": "2015-01-22T06:06:51Z", "object_repr": "Washington, White House, Potable", "object_id": "3", "change_message": "", "user": 1, "content_type": 28}, "model": "admin.logentry", "pk": 34}, {"fields": {"action_flag": 1, "action_time": "2015-01-22T06:06:57Z", "object_repr": "Washington, White House, Irrigation", "object_id": "4", "change_message": "", "user": 1, "content_type": 28}, "model": "admin.logentry", "pk": 35}, {"fields": {"action_flag": 1, "action_time": "2015-01-22T06:07:55Z", "object_repr": "Houston, 56, 27 Avenue, Potable", "object_id": "5", "change_message": "", "user": 1, "content_type": 28}, "model": "admin.logentry", "pk": 36}, {"fields": {"action_flag": 1, "action_time": "2015-01-22T06:08:03Z", "object_repr": "Houston, 56, 27 Avenue, Irrigation", "object_id": "6", "change_message": "", "user": 1, "content_type": 28}, "model": "admin.logentry", "pk": 37}, {"fields": {"action_flag": 1, "action_time": "2015-01-22T06:09:59Z", "object_repr": "Second Site city, Second Site address, Fire", "object_id": "7", "change_message": "", "user": 1, "content_type": 28}, "model": "admin.logentry", "pk": 38}, {"fields": {"action_flag": 1, "action_time": "2015-01-22T06:10:05Z", "object_repr": "Second Site city, Second Site address, Potable", "object_id": "8", "change_message": "", "user": 1, "content_type": 28}, "model": "admin.logentry", "pk": 39}, {"fields": {"action_flag": 1, "action_time": "2015-01-22T06:10:10Z", "object_repr": "Second Site city, Second Site address, Irrigation", "object_id": "9", "change_message": "", "user": 1, "content_type": 28}, "model": "admin.logentry", "pk": 40}, {"fields": {"action_flag": 1, "action_time": "2015-01-22T06:10:18Z", "object_repr": "First Site city, First Site address, Fire", "object_id": "10", "change_message": "", "user": 1, "content_type": 28}, "model": "admin.logentry", "pk": 41}, {"fields": {"action_flag": 1, "action_time": "2015-01-22T06:10:28Z", "object_repr": "First Site city, First Site address, Potable", "object_id": "11", "change_message": "", "user": 1, "content_type": 28}, "model": "admin.logentry", "pk": 42}, {"fields": {"action_flag": 1, "action_time": "2015-01-22T06:10:34Z", "object_repr": "First Site city, First Site address, Irrigation", "object_id": "12", "change_message": "", "user": 1, "content_type": 28}, "model": "admin.logentry", "pk": 43}, {"fields": {"action_flag": 1, "action_time": "2015-01-22T06:20:06Z", "object_repr": "Ancoridge, 18/12, Central Square, Fire", "object_id": "13", "change_message": "", "user": 1, "content_type": 28}, "model": "admin.logentry", "pk": 44}, {"fields": {"action_flag": 1, "action_time": "2015-01-22T06:20:14Z", "object_repr": "Ancoridge, 18/12, Central Square, Potable", "object_id": "14", "change_message": "", "user": 1, "content_type": 28}, "model": "admin.logentry", "pk": 45}, {"fields": {"action_flag": 1, "action_time": "2015-01-22T06:20:20Z", "object_repr": "Ancoridge, 18/12, Central Square, Irrigation", "object_id": "15", "change_message": "", "user": 1, "content_type": 28}, "model": "admin.logentry", "pk": 46}, {"fields": {"action_flag": 1, "action_time": "2015-01-22T06:20:36Z", "object_repr": "New York, Manhattan, Fire", "object_id": "16", "change_message": "", "user": 1, "content_type": 28}, "model": "admin.logentry", "pk": 47}, {"fields": {"action_flag": 1, "action_time": "2015-01-22T06:20:47Z", "object_repr": "Washington, White House, Potable", "object_id": "17", "change_message": "", "user": 1, "content_type": 28}, "model": "admin.logentry", "pk": 48}, {"fields": {"action_flag": 1, "action_time": "2015-01-22T06:20:55Z", "object_repr": "Washington, White House, Irrigation", "object_id": "18", "change_message": "", "user": 1, "content_type": 28}, "model": "admin.logentry", "pk": 49}, {"fields": {"action_flag": 3, "action_time": "2015-01-22T06:21:06Z", "object_repr": "Washington, White House, Irrigation", "object_id": "18", "change_message": "", "user": 1, "content_type": 28}, "model": "admin.logentry", "pk": 50}, {"fields": {"action_flag": 3, "action_time": "2015-01-22T06:21:06Z", "object_repr": "Washington, White House, Potable", "object_id": "17", "change_message": "", "user": 1, "content_type": 28}, "model": "admin.logentry", "pk": 51}, {"fields": {"action_flag": 1, "action_time": "2015-01-22T06:21:15Z", "object_repr": "New York, Manhattan, Potable", "object_id": "19", "change_message": "", "user": 1, "content_type": 28}, "model": "admin.logentry", "pk": 52}, {"fields": {"action_flag": 1, "action_time": "2015-01-22T06:21:20Z", "object_repr": "New York, Manhattan, Irrigation", "object_id": "20", "change_message": "", "user": 1, "content_type": 28}, "model": "admin.logentry", "pk": 53}, {"fields": {"action_flag": 1, "action_time": "2015-01-22T06:21:30Z", "object_repr": "Los Angeles, 745, 18 Avenue, Fire", "object_id": "21", "change_message": "", "user": 1, "content_type": 28}, "model": "admin.logentry", "pk": 54}, {"fields": {"action_flag": 1, "action_time": "2015-01-22T06:21:35Z", "object_repr": "Los Angeles, 745, 18 Avenue, Potable", "object_id": "22", "change_message": "", "user": 1, "content_type": 28}, "model": "admin.logentry", "pk": 55}, {"fields": {"action_flag": 1, "action_time": "2015-01-22T06:21:40Z", "object_repr": "Los Angeles, 745, 18 Avenue, Irrigation", "object_id": "23", "change_message": "", "user": 1, "content_type": 28}, "model": "admin.logentry", "pk": 56}, {"fields": {"action_flag": 2, "action_time": "2015-01-22T06:21:49Z", "object_repr": "First Site city, First Site address", "object_id": "2", "change_message": "No fields changed.", "user": 1, "content_type": 27}, "model": "admin.logentry", "pk": 57}, {"fields": {"action_flag": 1, "action_time": "2015-01-22T06:23:23Z", "object_repr": "Matt Asperson, Boston", "object_id": "6", "change_message": "", "user": 1, "content_type": 24}, "model": "admin.logentry", "pk": 58}, {"fields": {"action_flag": 1, "action_time": "2015-01-22T06:23:57Z", "object_repr": "MIT Public Water System, Boston", "object_id": "8", "change_message": "", "user": 1, "content_type": 25}, "model": "admin.logentry", "pk": 59}, {"fields": {"action_flag": 1, "action_time": "2015-01-22T06:34:02Z", "object_repr": "Boston, 182, Freeport St", "object_id": "8", "change_message": "", "user": 1, "content_type": 27}, "model": "admin.logentry", "pk": 60}, {"fields": {"action_flag": 1, "action_time": "2015-01-22T06:34:10Z", "object_repr": "Boston, 182, Freeport St, Fire", "object_id": "24", "change_message": "", "user": 1, "content_type": 28}, "model": "admin.logentry", "pk": 61}, {"fields": {"action_flag": 1, "action_time": "2015-01-22T06:34:17Z", "object_repr": "Boston, 182, Freeport St, Potable", "object_id": "25", "change_message": "", "user": 1, "content_type": 28}, "model": "admin.logentry", "pk": 62}, {"fields": {"action_flag": 1, "action_time": "2015-01-22T06:34:23Z", "object_repr": "Boston, 182, Freeport St, Irrigation", "object_id": "26", "change_message": "", "user": 1, "content_type": 28}, "model": "admin.logentry", "pk": 63}, {"fields": {"action_flag": 1, "action_time": "2015-01-22T06:36:42Z", "object_repr": "Giles Corey, Chikago", "object_id": "7", "change_message": "", "user": 1, "content_type": 24}, "model": "admin.logentry", "pk": 64}, {"fields": {"action_flag": 1, "action_time": "2015-01-22T06:39:45Z", "object_repr": "North USA PWS, Chikago", "object_id": "9", "change_message": "", "user": 1, "content_type": 25}, "model": "admin.logentry", "pk": 65}, {"fields": {"action_flag": 1, "action_time": "2015-01-22T06:40:48Z", "object_repr": "Chikago, 121, Broadview", "object_id": "9", "change_message": "", "user": 1, "content_type": 27}, "model": "admin.logentry", "pk": 66}, {"fields": {"action_flag": 1, "action_time": "2015-01-22T06:41:00Z", "object_repr": "Chikago, 121, Broadview, Fire", "object_id": "27", "change_message": "", "user": 1, "content_type": 28}, "model": "admin.logentry", "pk": 67}, {"fields": {"action_flag": 1, "action_time": "2015-01-22T06:41:06Z", "object_repr": "Chikago, 121, Broadview, Potable", "object_id": "28", "change_message": "", "user": 1, "content_type": 28}, "model": "admin.logentry", "pk": 68}, {"fields": {"action_flag": 1, "action_time": "2015-01-22T06:41:12Z", "object_repr": "Chikago, 121, Broadview, Irrigation", "object_id": "29", "change_message": "", "user": 1, "content_type": 28}, "model": "admin.logentry", "pk": 69}, {"fields": {"action_flag": 1, "action_time": "2015-01-22T06:49:47Z", "object_repr": "Gabe Newell, Seattle", "object_id": "8", "change_message": "", "user": 1, "content_type": 24}, "model": "admin.logentry", "pk": 70}, {"fields": {"action_flag": 1, "action_time": "2015-01-22T06:50:18Z", "object_repr": "South Western PWS, Seattle", "object_id": "10", "change_message": "", "user": 1, "content_type": 25}, "model": "admin.logentry", "pk": 71}, {"fields": {"action_flag": 1, "action_time": "2015-01-22T06:50:56Z", "object_repr": "Seattle, 98, South Jackson st", "object_id": "10", "change_message": "", "user": 1, "content_type": 27}, "model": "admin.logentry", "pk": 72}, {"fields": {"action_flag": 1, "action_time": "2015-01-22T06:51:06Z", "object_repr": "Seattle, 98, South Jackson st, Fire", "object_id": "30", "change_message": "", "user": 1, "content_type": 28}, "model": "admin.logentry", "pk": 73}, {"fields": {"action_flag": 1, "action_time": "2015-01-22T06:51:11Z", "object_repr": "Seattle, 98, South Jackson st, Potable", "object_id": "31", "change_message": "", "user": 1, "content_type": 28}, "model": "admin.logentry", "pk": 74}, {"fields": {"action_flag": 1, "action_time": "2015-01-22T06:51:17Z", "object_repr": "Seattle, 98, South Jackson st, Irrigation", "object_id": "32", "change_message": "", "user": 1, "content_type": 28}, "model": "admin.logentry", "pk": 75}, {"fields": {"action_flag": 2, "action_time": "2015-01-22T06:57:08Z", "object_repr": "admin", "object_id": "4", "change_message": "Changed pws for employee \"Employee object\".", "user": 1, "content_type": 4}, "model": "admin.logentry", "pk": 76}, {"fields": {"action_flag": 2, "action_time": "2015-01-22T08:09:35Z", "object_repr": "Seattle, 98, South Jackson st", "object_id": "10", "change_message": "Changed pws.", "user": 1, "content_type": 27}, "model": "admin.logentry", "pk": 77}, {"fields": {"action_flag": 2, "action_time": "2015-01-22T08:09:56Z", "object_repr": "Ancoridge, 18/12, Central Square", "object_id": "4", "change_message": "Changed pws.", "user": 1, "content_type": 27}, "model": "admin.logentry", "pk": 78}, {"fields": {"action_flag": 1, "action_time": "2015-01-22T08:33:15Z", "object_repr": "surveyor surveyor, 2015-01-22", "object_id": "2", "change_message": "", "user": 1, "content_type": 35}, "model": "admin.logentry", "pk": 79}, {"fields": {"action_flag": 1, "action_time": "2015-01-22T08:34:52Z", "object_repr": "tester tester, 2015-01-22", "object_id": "2", "change_message": "", "user": 1, "content_type": 34}, "model": "admin.logentry", "pk": 80}]