[
{
  "fields": {
    "source_type": "Public Water Supply and Private Well"
  },
  "model": "webapp.sourcetype",
  "pk": 1
},
{
  "fields": {
    "source_type": "Private Well"
  },
  "model": "webapp.sourcetype",
  "pk": 2
},
{
  "fields": {
    "source_type": "Public Water Supply"
  },
  "model": "webapp.sourcetype",
  "pk": 3
},
{
  "fields": {
    "source_type": "Public Water Supply and Pond, Stream, Bay, etc"
  },
  "model": "webapp.sourcetype",
  "pk": 4
},
{
  "fields": {
    "site_type": "School"
  },
  "model": "webapp.sitetype",
  "pk": 1
},
{
  "fields": {
    "site_type": "Irrigation"
  },
  "model": "webapp.sitetype",
  "pk": 2
},
{
  "fields": {
    "site_type": "Multi-family"
  },
  "model": "webapp.sitetype",
  "pk": 3
},
{
  "fields": {
    "site_type": "Offices"
  },
  "model": "webapp.sitetype",
  "pk": 4
},
{
  "fields": {
    "site_type": "Pest Exterminator"
  },
  "model": "webapp.sitetype",
  "pk": 5
},
{
  "fields": {
    "site_type": "Pharmacy"
  },
  "model": "webapp.sitetype",
  "pk": 6
},
{
  "fields": {
    "site_type": "Pool"
  },
  "model": "webapp.sitetype",
  "pk": 7
},
{
  "fields": {
    "site_type": "Realtor"
  },
  "model": "webapp.sitetype",
  "pk": 8
},
{
  "fields": {
    "site_type": "Restaurant"
  },
  "model": "webapp.sitetype",
  "pk": 9
},
{
  "fields": {
    "site_type": "Mortuary"
  },
  "model": "webapp.sitetype",
  "pk": 10
},
{
  "fields": {
    "site_type": "Retirement Home"
  },
  "model": "webapp.sitetype",
  "pk": 11
},
{
  "fields": {
    "site_type": "Medical"
  },
  "model": "webapp.sitetype",
  "pk": 12
},
{
  "fields": {
    "site_type": "Storage Facility"
  },
  "model": "webapp.sitetype",
  "pk": 13
},
{
  "fields": {
    "site_type": "Video Rental"
  },
  "model": "webapp.sitetype",
  "pk": 14
},
{
  "fields": {
    "site_type": "Church"
  },
  "model": "webapp.sitetype",
  "pk": 15
},
{
  "fields": {
    "site_type": "Catering"
  },
  "model": "webapp.sitetype",
  "pk": 16
},
{
  "fields": {
    "site_type": "Chiropractic"
  },
  "model": "webapp.sitetype",
  "pk": 17
},
{
  "fields": {
    "site_type": "Car Wash"
  },
  "model": "webapp.sitetype",
  "pk": 18
},
{
  "fields": {
    "site_type": "Business Office"
  },
  "model": "webapp.sitetype",
  "pk": 19
},
{
  "fields": {
    "site_type": "Beauty Salon / Barber"
  },
  "model": "webapp.sitetype",
  "pk": 20
},
{
  "fields": {
    "site_type": "Retail"
  },
  "model": "webapp.sitetype",
  "pk": 21
},
{
  "fields": {
    "site_type": "Home Owners Association"
  },
  "model": "webapp.sitetype",
  "pk": 22
},
{
  "fields": {
    "site_type": "Dialysis Clinic"
  },
  "model": "webapp.sitetype",
  "pk": 23
},
{
  "fields": {
    "site_type": "Doctors Office"
  },
  "model": "webapp.sitetype",
  "pk": 24
},
{
  "fields": {
    "site_type": "Dry Cleaners"
  },
  "model": "webapp.sitetype",
  "pk": 25
},
{
  "fields": {
    "site_type": "Fast Food"
  },
  "model": "webapp.sitetype",
  "pk": 26
},
{
  "fields": {
    "site_type": "Fireline"
  },
  "model": "webapp.sitetype",
  "pk": 27
},
{
  "fields": {
    "site_type": "Food Processing"
  },
  "model": "webapp.sitetype",
  "pk": 28
},
{
  "fields": {
    "site_type": "Office W/ Washerteria\n"
  },
  "model": "webapp.sitetype",
  "pk": 29
},
{
  "fields": {
    "site_type": "Gas Station\n"
  },
  "model": "webapp.sitetype",
  "pk": 30
},
{
  "fields": {
    "site_type": "Governmental\n"
  },
  "model": "webapp.sitetype",
  "pk": 31
},
{
  "fields": {
    "site_type": "Motels/Hotels\n"
  },
  "model": "webapp.sitetype",
  "pk": 32
},
{
  "fields": {
    "site_type": "Health Club\n"
  },
  "model": "webapp.sitetype",
  "pk": 33
},
{
  "fields": {
    "site_type": "Department Store\n"
  },
  "model": "webapp.sitetype",
  "pk": 34
},
{
  "fields": {
    "site_type": "Industrial\n"
  },
  "model": "webapp.sitetype",
  "pk": 35
},
{
  "fields": {
    "site_type": "Dentist\n"
  },
  "model": "webapp.sitetype",
  "pk": 36
},
{
  "fields": {
    "site_type": "Convenience\n"
  },
  "model": "webapp.sitetype",
  "pk": 37
},
{
  "fields": {
    "site_type": "Residential\n"
  },
  "model": "webapp.sitetype",
  "pk": 38
},
{
  "fields": {
    "site_type": "Commercial\n"
  },
  "model": "webapp.sitetype",
  "pk": 39
},
{
  "fields": {
    "site_type": "Bar and Grill\n"
  },
  "model": "webapp.sitetype",
  "pk": 40
},
{
  "fields": {
    "site_type": "Irrigation and pool\n"
  },
  "model": "webapp.sitetype",
  "pk": 41
},
{
  "fields": {
    "site_type": "Laundromat\n"
  },
  "model": "webapp.sitetype",
  "pk": 42
},
{
  "fields": {
    "site_type": "Grocery/Supermarket\n"
  },
  "model": "webapp.sitetype",
  "pk": 43
},
{
  "fields": {
    "site_type": "Auxiliary Water\n"
  },
  "model": "webapp.sitetype",
  "pk": 44
},
{
  "fields": {
    "site_type": "Animal Hospital / Veterinarian\n"
  },
  "model": "webapp.sitetype",
  "pk": 45
},
{
  "fields": {
    "site_type": "Doctors Office #1\n"
  },
  "model": "webapp.sitetype",
  "pk": 46
},
{
  "fields": {
    "site_type": "Dialysis Center\n"
  },
  "model": "webapp.sitetype",
  "pk": 47
},
{
  "fields": {
    "site_type": "Commercial Residence\n"
  },
  "model": "webapp.sitetype",
  "pk": 48
},
{
  "fields": {
    "site_type": "Commerc. Multi-ten\n"
  },
  "model": "webapp.sitetype",
  "pk": 49
},
{
  "fields": {
    "site_type": "Comm\n"
  },
  "model": "webapp.sitetype",
  "pk": 50
},
{
  "fields": {
    "site_type": "Carwash\n"
  },
  "model": "webapp.sitetype",
  "pk": 51
},
{
  "fields": {
    "site_type": "Beauty Shop\n"
  },
  "model": "webapp.sitetype",
  "pk": 52
},
{
  "fields": {
    "site_type": "Empty Lot\n"
  },
  "model": "webapp.sitetype",
  "pk": 53
},
{
  "fields": {
    "site_type": "Barber Shop\n"
  },
  "model": "webapp.sitetype",
  "pk": 54
},
{
  "fields": {
    "site_type": "Florist\n"
  },
  "model": "webapp.sitetype",
  "pk": 55
},
{
  "fields": {
    "site_type": "Automotive\n"
  },
  "model": "webapp.sitetype",
  "pk": 56
},
{
  "fields": {
    "site_type": "Assisted Living\n"
  },
  "model": "webapp.sitetype",
  "pk": 57
},
{
  "fields": {
    "site_type": "Apartments\n"
  },
  "model": "webapp.sitetype",
  "pk": 58
},
{
  "fields": {
    "site_type": "Resiedential\n"
  },
  "model": "webapp.sitetype",
  "pk": 59
},
{
  "fields": {
    "site_type": "Retail Store\n"
  },
  "model": "webapp.sitetype",
  "pk": 60
},
{
  "fields": {
    "site_type": "Salon\n"
  },
  "model": "webapp.sitetype",
  "pk": 61
},
{
  "fields": {
    "site_type": "Storage Building\n"
  },
  "model": "webapp.sitetype",
  "pk": 62
},
{
  "fields": {
    "site_type": "Veterinary Office\n"
  },
  "model": "webapp.sitetype",
  "pk": 63
},
{
  "fields": {
    "site_type": "Warehouse\n"
  },
  "model": "webapp.sitetype",
  "pk": 64
},
{
  "fields": {
    "site_type": "Beauty Salon\n"
  },
  "model": "webapp.sitetype",
  "pk": 65
},
{
  "fields": {
    "site_type": "No Address\n"
  },
  "model": "webapp.sitetype",
  "pk": 66
},
{
  "fields": {
    "site_type": "Auto Repair\n"
  },
  "model": "webapp.sitetype",
  "pk": 67
},
{
  "fields": {
    "site_type": "Child/Day Care/Nursery\n"
  },
  "model": "webapp.sitetype",
  "pk": 68
},
{
  "fields": {
    "site_type": "Agricultural\n"
  },
  "model": "webapp.sitetype",
  "pk": 69
},
{
  "fields": {
    "site_type": "Recreation\n"
  },
  "model": "webapp.sitetype",
  "pk": 70
},
{
  "fields": {
    "site_type": "Processing Facility\n"
  },
  "model": "webapp.sitetype",
  "pk": 71
},
{
  "fields": {
    "site_type": "Potable/recreation\n"
  },
  "model": "webapp.sitetype",
  "pk": 72
},
{
  "fields": {
    "site_type": "Potable\n"
  },
  "model": "webapp.sitetype",
  "pk": 73
},
{
  "fields": {
    "site_type": "Doctors Office #2\n"
  },
  "model": "webapp.sitetype",
  "pk": 74
},
{
  "fields": {
    "site_type": "Office\n"
  },
  "model": "webapp.sitetype",
  "pk": 75
},
{
  "fields": {
    "site_type": "Bank\n"
  },
  "model": "webapp.sitetype",
  "pk": 76
},
{
  "fields": {
    "site_type": "Motel\n"
  },
  "model": "webapp.sitetype",
  "pk": 77
},
{
  "fields": {
    "site_type": "Jail/ Governmental\n"
  },
  "model": "webapp.sitetype",
  "pk": 78
},
{
  "fields": {
    "site_type": "Ice Machine\n"
  },
  "model": "webapp.sitetype",
  "pk": 79
},
{
  "fields": {
    "site_type": "Hospital\n"
  },
  "model": "webapp.sitetype",
  "pk": 80
},
{
  "fields": {
    "site_type": "Home\n"
  },
  "model": "webapp.sitetype",
  "pk": 81
},
{
  "fields": {
    "site_type": "Health Unit\n"
  },
  "model": "webapp.sitetype",
  "pk": 82
},
{
  "fields": {
    "site_type": "Grocery Store\n"
  },
  "model": "webapp.sitetype",
  "pk": 83
},
{
  "fields": {
    "site_type": "Funeral Home\n"
  },
  "model": "webapp.sitetype",
  "pk": 84
},
{
  "fields": {
    "site_type": "Fraternal Hall\n"
  },
  "model": "webapp.sitetype",
  "pk": 85
},
{
  "fields": {
    "site_use": "Commercial"
  },
  "model": "webapp.siteuse",
  "pk": 1
},
{
  "fields": {
    "site_use": "Farming"
  },
  "model": "webapp.siteuse",
  "pk": 3
},
{
  "fields": {
    "site_use": "Governmental"
  },
  "model": "webapp.siteuse",
  "pk": 4
},
{
  "fields": {
    "site_use": "Industrial"
  },
  "model": "webapp.siteuse",
  "pk": 5
},
{
  "fields": {
    "site_use": "Multi-Family"
  },
  "model": "webapp.siteuse",
  "pk": 6
},
{
  "fields": {
    "site_use": "Residental"
  },
  "model": "webapp.siteuse",
  "pk": 7
},
{
  "fields": {
    "site_use": "Agricultural"
  },
  "model": "webapp.siteuse",
  "pk": 8
},
{
  "fields": {
    "site_use": "Commercial Multi-tenant"
  },
  "model": "webapp.siteuse",
  "pk": 9
},
{
  "fields": {
    "service_type": "fire"
  },
  "model": "webapp.servicetype",
  "pk": 2
},
{
  "fields": {
    "service_type": "potable"
  },
  "model": "webapp.servicetype",
  "pk": 3
},
{
  "fields": {
    "service_type": "irrigation"
  },
  "model": "webapp.servicetype",
  "pk": 4
},
{
  "fields": {
    "survey_type": "Initial"
  },
  "model": "webapp.surveytype",
  "pk": 2
},
{
  "fields": {
    "survey_type": "Drive-by"
  },
  "model": "webapp.surveytype",
  "pk": 3
},
{
  "fields": {
    "survey_type": "Initial/Drive-by"
  },
  "model": "webapp.surveytype",
  "pk": 4
},
{
  "fields": {
    "survey_type": "Follow-up"
  },
  "model": "webapp.surveytype",
  "pk": 5
},
{
  "fields": {
    "survey_type": "Annual"
  },
  "model": "webapp.surveytype",
  "pk": 6
},
{
  "fields": {
    "bp_type": "RP"
  },
  "model": "webapp.bptype",
  "pk": 1
},
{
  "fields": {
    "bp_type": "RPDA"
  },
  "model": "webapp.bptype",
  "pk": 2
},
{
  "fields": {
    "bp_type": "HBVB"
  },
  "model": "webapp.bptype",
  "pk": 3
},
{
  "fields": {
    "bp_type": "DCDA"
  },
  "model": "webapp.bptype",
  "pk": 4
},
{
  "fields": {
    "bp_type": "Air Gap"
  },
  "model": "webapp.bptype",
  "pk": 5
},
{
  "fields": {
    "bp_type": "PVB"
  },
  "model": "webapp.bptype",
  "pk": 6
},
{
  "fields": {
    "bp_type": "AVB"
  },
  "model": "webapp.bptype",
  "pk": 7
},
{
  "fields": {
    "bp_type": "DC"
  },
  "model": "webapp.bptype",
  "pk": 8
},
{
  "fields": {
    "bp_size": "3/4\"\n"
  },
  "model": "webapp.bpsize",
  "pk": 1
},
{
  "fields": {
    "bp_size": "5/8\"\n"
  },
  "model": "webapp.bpsize",
  "pk": 2
},
{
  "fields": {
    "bp_size": "1\"\n"
  },
  "model": "webapp.bpsize",
  "pk": 3
},
{
  "fields": {
    "bp_size": "1.5\"\n"
  },
  "model": "webapp.bpsize",
  "pk": 4
},
{
  "fields": {
    "bp_size": "2\"\n"
  },
  "model": "webapp.bpsize",
  "pk": 5
},
{
  "fields": {
    "bp_size": "2.5\"\n"
  },
  "model": "webapp.bpsize",
  "pk": 6
},
{
  "fields": {
    "bp_size": "3\"\n"
  },
  "model": "webapp.bpsize",
  "pk": 7
},
{
  "fields": {
    "bp_size": "4\"\n"
  },
  "model": "webapp.bpsize",
  "pk": 8
},
{
  "fields": {
    "bp_size": "5\"\n"
  },
  "model": "webapp.bpsize",
  "pk": 9
},
{
  "fields": {
    "bp_size": "6\"\n"
  },
  "model": "webapp.bpsize",
  "pk": 10
},
{
  "fields": {
    "bp_size": "8\"\n"
  },
  "model": "webapp.bpsize",
  "pk": 11
},
{
  "fields": {
    "bp_size": "9\"\n"
  },
  "model": "webapp.bpsize",
  "pk": 12
},
{
  "fields": {
    "bp_size": "10\"\n"
  },
  "model": "webapp.bpsize",
  "pk": 13
},
{
  "fields": {
    "bp_size": "12\"\n"
  },
  "model": "webapp.bpsize",
  "pk": 14
},
{
  "fields": {
    "bp_size": "14\"\n"
  },
  "model": "webapp.bpsize",
  "pk": 15
},
{
  "fields": {
    "bp_size": "16\"\n"
  },
  "model": "webapp.bpsize",
  "pk": 16
},
{
  "fields": {
    "bp_manufacturer": "Ames"
  },
  "model": "webapp.bpmanufacturer",
  "pk": 1
},
{
  "fields": {
    "bp_manufacturer": "Wilkins"
  },
  "model": "webapp.bpmanufacturer",
  "pk": 2
},
{
  "fields": {
    "bp_manufacturer": "Watts"
  },
  "model": "webapp.bpmanufacturer",
  "pk": 3
},
{
  "fields": {
    "bp_manufacturer": "Conbraco"
  },
  "model": "webapp.bpmanufacturer",
  "pk": 4
},
{
  "fields": {
    "bp_manufacturer": "Febco"
  },
  "model": "webapp.bpmanufacturer",
  "pk": 5
},
{
  "fields": {
    "bp_manufacturer": "Hersey"
  },
  "model": "webapp.bpmanufacturer",
  "pk": 6
},
{
  "fields": {
    "customer_code": "Residental\n"
  },
  "model": "webapp.customercode",
  "pk": 1
},
{
  "fields": {
    "customer_code": "Governmental\n"
  },
  "model": "webapp.customercode",
  "pk": 2
},
{
  "fields": {
    "customer_code": "Commercial\n"
  },
  "model": "webapp.customercode",
  "pk": 3
},
{
  "fields": {
    "customer_code": "Industrial\n"
  },
  "model": "webapp.customercode",
  "pk": 4
},
{
  "fields": {
    "customer_code": "Trailer Park\n"
  },
  "model": "webapp.customercode",
  "pk": 5
},
{
  "fields": {
    "customer_code": "Multifamily\n"
  },
  "model": "webapp.customercode",
  "pk": 6
},
{
  "fields": {
    "customer_code": "Irrigation\n"
  },
  "model": "webapp.customercode",
  "pk": 7
},
{
  "fields": {
    "customer_code": "Fire\n"
  },
  "model": "webapp.customercode",
  "pk": 8
},
{
  "fields": {
    "customer_code": "Other\n"
  },
  "model": "webapp.customercode",
  "pk": 9
},
{
  "fields": {
    "hazard_type": "Denied or Restricted Access\n"
  },
  "model": "webapp.hazardtype",
  "pk": 1
},
{
  "fields": {
    "hazard_type": "Irrigation System\n"
  },
  "model": "webapp.hazardtype",
  "pk": 2
},
{
  "fields": {
    "hazard_type": "Ice Maker\n"
  },
  "model": "webapp.hazardtype",
  "pk": 3
},
{
  "fields": {
    "hazard_type": "Hose Bibs\n"
  },
  "model": "webapp.hazardtype",
  "pk": 4
},
{
  "fields": {
    "hazard_type": "Grease Trap\n"
  },
  "model": "webapp.hazardtype",
  "pk": 5
},
{
  "fields": {
    "hazard_type": "Garbage Disposal\n"
  },
  "model": "webapp.hazardtype",
  "pk": 6
},
{
  "fields": {
    "hazard_type": "Mop Sink\n"
  },
  "model": "webapp.hazardtype",
  "pk": 7
},
{
  "fields": {
    "hazard_type": "Exterminator\n"
  },
  "model": "webapp.hazardtype",
  "pk": 8
},
{
  "fields": {
    "hazard_type": "Recreation Grounds\n"
  },
  "model": "webapp.hazardtype",
  "pk": 9
},
{
  "fields": {
    "hazard_type": "Equipment Repair\n"
  },
  "model": "webapp.hazardtype",
  "pk": 10
},
{
  "fields": {
    "hazard_type": "Landscape Nursery\n"
  },
  "model": "webapp.hazardtype",
  "pk": 11
},
{
  "fields": {
    "hazard_type": "Nursery\n"
  },
  "model": "webapp.hazardtype",
  "pk": 12
},
{
  "fields": {
    "hazard_type": "Garbage Can Washer\n"
  },
  "model": "webapp.hazardtype",
  "pk": 13
},
{
  "fields": {
    "hazard_type": "Trailer Park\n"
  },
  "model": "webapp.hazardtype",
  "pk": 14
},
{
  "fields": {
    "hazard_type": "Beauty Salon\n"
  },
  "model": "webapp.hazardtype",
  "pk": 15
},
{
  "fields": {
    "hazard_type": "Industrial Fluids\n"
  },
  "model": "webapp.hazardtype",
  "pk": 16
},
{
  "fields": {
    "hazard_type": "Irrigation and Pool\n"
  },
  "model": "webapp.hazardtype",
  "pk": 17
},
{
  "fields": {
    "hazard_type": "Auto Repair\n"
  },
  "model": "webapp.hazardtype",
  "pk": 18
},
{
  "fields": {
    "hazard_type": "Caterer\n"
  },
  "model": "webapp.hazardtype",
  "pk": 19
},
{
  "fields": {
    "hazard_type": "NHP\n"
  },
  "model": "webapp.hazardtype",
  "pk": 20
},
{
  "fields": {
    "hazard_type": "Farm\n"
  },
  "model": "webapp.hazardtype",
  "pk": 21
},
{
  "fields": {
    "hazard_type": "Agriculture\n"
  },
  "model": "webapp.hazardtype",
  "pk": 22
},
{
  "fields": {
    "hazard_type": "Dialysis Center\n"
  },
  "model": "webapp.hazardtype",
  "pk": 23
},
{
  "fields": {
    "hazard_type": "Funeral Home\n"
  },
  "model": "webapp.hazardtype",
  "pk": 24
},
{
  "fields": {
    "hazard_type": "Hospital\n"
  },
  "model": "webapp.hazardtype",
  "pk": 25
},
{
  "fields": {
    "hazard_type": "Motel\n"
  },
  "model": "webapp.hazardtype",
  "pk": 26
},
{
  "fields": {
    "hazard_type": "No Address\n"
  },
  "model": "webapp.hazardtype",
  "pk": 27
},
{
  "fields": {
    "hazard_type": "Fire Sprinkler System\n"
  },
  "model": "webapp.hazardtype",
  "pk": 28
},
{
  "fields": {
    "hazard_type": "De-ionized Water System\n"
  },
  "model": "webapp.hazardtype",
  "pk": 29
},
{
  "fields": {
    "hazard_type": "Chiller System\n"
  },
  "model": "webapp.hazardtype",
  "pk": 30
},
{
  "fields": {
    "hazard_type": "Coffee Urn\n"
  },
  "model": "webapp.hazardtype",
  "pk": 31
},
{
  "fields": {
    "hazard_type": "Compressors, Water Cooled\n"
  },
  "model": "webapp.hazardtype",
  "pk": 32
},
{
  "fields": {
    "hazard_type": "Condenser\n"
  },
  "model": "webapp.hazardtype",
  "pk": 33
},
{
  "fields": {
    "hazard_type": "Cooking Kettle\n"
  },
  "model": "webapp.hazardtype",
  "pk": 34
},
{
  "fields": {
    "hazard_type": "Fountain, Ornamental\n"
  },
  "model": "webapp.hazardtype",
  "pk": 35
},
{
  "fields": {
    "hazard_type": "Degreasing Equipment\n"
  },
  "model": "webapp.hazardtype",
  "pk": 36
},
{
  "fields": {
    "hazard_type": "Bedpan Washer\n"
  },
  "model": "webapp.hazardtype",
  "pk": 37
},
{
  "fields": {
    "hazard_type": "Dental Cuspidor (Spit Sink)\n"
  },
  "model": "webapp.hazardtype",
  "pk": 38
},
{
  "fields": {
    "hazard_type": "Jail/Prison\n"
  },
  "model": "webapp.hazardtype",
  "pk": 39
},
{
  "fields": {
    "hazard_type": "Digester\n"
  },
  "model": "webapp.hazardtype",
  "pk": 40
},
{
  "fields": {
    "hazard_type": "Dishwasher\n"
  },
  "model": "webapp.hazardtype",
  "pk": 41
},
{
  "fields": {
    "hazard_type": "Distillation Equipment\n"
  },
  "model": "webapp.hazardtype",
  "pk": 42
},
{
  "fields": {
    "hazard_type": "Dye Vats\n"
  },
  "model": "webapp.hazardtype",
  "pk": 43
},
{
  "fields": {
    "hazard_type": "Cooling Tower\n"
  },
  "model": "webapp.hazardtype",
  "pk": 44
},
{
  "fields": {
    "hazard_type": "Fireline\n"
  },
  "model": "webapp.hazardtype",
  "pk": 45
},
{
  "fields": {
    "hazard_type": "Video Rental\n"
  },
  "model": "webapp.hazardtype",
  "pk": 46
},
{
  "fields": {
    "hazard_type": "Fertilizer Injector\n"
  },
  "model": "webapp.hazardtype",
  "pk": 47
},
{
  "fields": {
    "hazard_type": "Fermentation Tank\n"
  },
  "model": "webapp.hazardtype",
  "pk": 48
},
{
  "fields": {
    "hazard_type": "Child Care Facility\n"
  },
  "model": "webapp.hazardtype",
  "pk": 49
},
{
  "fields": {
    "hazard_type": "Group Home\n"
  },
  "model": "webapp.hazardtype",
  "pk": 50
},
{
  "fields": {
    "hazard_type": "Fraternal Hall\n"
  },
  "model": "webapp.hazardtype",
  "pk": 51
},
{
  "fields": {
    "hazard_type": "Bottle Washer\n"
  },
  "model": "webapp.hazardtype",
  "pk": 52
},
{
  "fields": {
    "hazard_type": "Office\n"
  },
  "model": "webapp.hazardtype",
  "pk": 53
},
{
  "fields": {
    "hazard_type": "Boiler Feed Line\n"
  },
  "model": "webapp.hazardtype",
  "pk": 54
},
{
  "fields": {
    "hazard_type": "Aspirator\n"
  },
  "model": "webapp.hazardtype",
  "pk": 55
},
{
  "fields": {
    "hazard_type": "Autopsy Table\n"
  },
  "model": "webapp.hazardtype",
  "pk": 56
},
{
  "fields": {
    "hazard_type": "Auxiliary Water System (Well)\n"
  },
  "model": "webapp.hazardtype",
  "pk": 57
},
{
  "fields": {
    "hazard_type": "Auxiliary Water System (Surf. Water)\n"
  },
  "model": "webapp.hazardtype",
  "pk": 58
},
{
  "fields": {
    "hazard_type": "Baptismal Font\n"
  },
  "model": "webapp.hazardtype",
  "pk": 59
},
{
  "fields": {
    "hazard_type": "Solar System\n"
  },
  "model": "webapp.hazardtype",
  "pk": 60
},
{
  "fields": {
    "hazard_type": "Veterinarian\n"
  },
  "model": "webapp.hazardtype",
  "pk": 61
},
{
  "fields": {
    "hazard_type": "Church Rec Center\n"
  },
  "model": "webapp.hazardtype",
  "pk": 62
},
{
  "fields": {
    "hazard_type": "Overhead Spray Hose\n"
  },
  "model": "webapp.hazardtype",
  "pk": 63
},
{
  "fields": {
    "hazard_type": "Nursing Home\n"
  },
  "model": "webapp.hazardtype",
  "pk": 64
},
{
  "fields": {
    "hazard_type": "Vacant\n"
  },
  "model": "webapp.hazardtype",
  "pk": 65
},
{
  "fields": {
    "hazard_type": "Medical Facility\n"
  },
  "model": "webapp.hazardtype",
  "pk": 66
},
{
  "fields": {
    "hazard_type": "Mechanic Shop\n"
  },
  "model": "webapp.hazardtype",
  "pk": 67
},
{
  "fields": {
    "hazard_type": "Convenience Store\n"
  },
  "model": "webapp.hazardtype",
  "pk": 68
},
{
  "fields": {
    "hazard_type": "Sewer Plant\n"
  },
  "model": "webapp.hazardtype",
  "pk": 69
},
{
  "fields": {
    "hazard_type": "Commercial Multi-tenant\n"
  },
  "model": "webapp.hazardtype",
  "pk": 70
},
{
  "fields": {
    "hazard_type": "Laundromat\n"
  },
  "model": "webapp.hazardtype",
  "pk": 71
},
{
  "fields": {
    "hazard_type": "Chiropractor/Health Clinic\n"
  },
  "model": "webapp.hazardtype",
  "pk": 72
},
{
  "fields": {
    "hazard_type": "Autoclaves\n"
  },
  "model": "webapp.hazardtype",
  "pk": 73
},
{
  "fields": {
    "hazard_type": "Starch Tanks\n"
  },
  "model": "webapp.hazardtype",
  "pk": 74
},
{
  "fields": {
    "hazard_type": "Steam Cleaner\n"
  },
  "model": "webapp.hazardtype",
  "pk": 75
},
{
  "fields": {
    "hazard_type": "Steam Table\n"
  },
  "model": "webapp.hazardtype",
  "pk": 76
},
{
  "fields": {
    "hazard_type": "Product Manufacturing\n"
  },
  "model": "webapp.hazardtype",
  "pk": 77
},
{
  "fields": {
    "hazard_type": "Water Softener\n"
  },
  "model": "webapp.hazardtype",
  "pk": 78
},
{
  "fields": {
    "hazard_type": "Deli/bakery\n"
  },
  "model": "webapp.hazardtype",
  "pk": 79
},
{
  "fields": {
    "hazard_type": "Frost proof HB\n"
  },
  "model": "webapp.hazardtype",
  "pk": 80
},
{
  "fields": {
    "hazard_type": "Assisted Living\n"
  },
  "model": "webapp.hazardtype",
  "pk": 81
},
{
  "fields": {
    "hazard_type": "Governmental\n"
  },
  "model": "webapp.hazardtype",
  "pk": 82
},
{
  "fields": {
    "hazard_type": "Pool\n"
  },
  "model": "webapp.hazardtype",
  "pk": 83
},
{
  "fields": {
    "hazard_type": "Bar and Grill\n"
  },
  "model": "webapp.hazardtype",
  "pk": 84
},
{
  "fields": {
    "hazard_type": "Bank\n"
  },
  "model": "webapp.hazardtype",
  "pk": 85
},
{
  "fields": {
    "hazard_type": "Car Wash\n"
  },
  "model": "webapp.hazardtype",
  "pk": 86
},
{
  "fields": {
    "hazard_type": "Recreation Center\n"
  },
  "model": "webapp.hazardtype",
  "pk": 87
},
{
  "fields": {
    "hazard_type": "Lab Sink\n"
  },
  "model": "webapp.hazardtype",
  "pk": 88
},
{
  "fields": {
    "hazard_type": "Welder, Water Cooled\n"
  },
  "model": "webapp.hazardtype",
  "pk": 89
},
{
  "fields": {
    "hazard_type": "Bathrooms\n"
  },
  "model": "webapp.hazardtype",
  "pk": 90
},
{
  "fields": {
    "hazard_type": "Water tower\n"
  },
  "model": "webapp.hazardtype",
  "pk": 91
},
{
  "fields": {
    "hazard_type": "Steam line\n"
  },
  "model": "webapp.hazardtype",
  "pk": 92
},
{
  "fields": {
    "hazard_type": "Restrooms\n"
  },
  "model": "webapp.hazardtype",
  "pk": 93
},
{
  "fields": {
    "hazard_type": "Processing\n"
  },
  "model": "webapp.hazardtype",
  "pk": 94
},
{
  "fields": {
    "hazard_type": "Eye wash shower\n"
  },
  "model": "webapp.hazardtype",
  "pk": 95
},
{
  "fields": {
    "hazard_type": "Breakroom\n"
  },
  "model": "webapp.hazardtype",
  "pk": 96
},
{
  "fields": {
    "hazard_type": "Dry Cleaners\n"
  },
  "model": "webapp.hazardtype",
  "pk": 97
},
{
  "fields": {
    "hazard_type": "Pressure Cooker\n"
  },
  "model": "webapp.hazardtype",
  "pk": 98
},
{
  "fields": {
    "hazard_type": "X-Ray Equipment\n"
  },
  "model": "webapp.hazardtype",
  "pk": 99
},
{
  "fields": {
    "hazard_type": "Storage Center\n"
  },
  "model": "webapp.hazardtype",
  "pk": 100
},
{
  "fields": {
    "hazard_type": "Sterilizing Equipment\n"
  },
  "model": "webapp.hazardtype",
  "pk": 101
},
{
  "fields": {
    "hazard_type": "Irrigation\n"
  },
  "model": "webapp.hazardtype",
  "pk": 102
},
{
  "fields": {
    "hazard_type": "Auxiliary Water\n"
  },
  "model": "webapp.hazardtype",
  "pk": 103
},
{
  "fields": {
    "hazard_type": "Home Owners Association\n"
  },
  "model": "webapp.hazardtype",
  "pk": 104
},
{
  "fields": {
    "hazard_type": "Radiator Flushing Equipment\n"
  },
  "model": "webapp.hazardtype",
  "pk": 105
},
{
  "fields": {
    "hazard_type": "Multi-Family\n"
  },
  "model": "webapp.hazardtype",
  "pk": 106
},
{
  "fields": {
    "hazard_type": "Potato Peeler\n"
  },
  "model": "webapp.hazardtype",
  "pk": 107
},
{
  "fields": {
    "hazard_type": "Pipette Washer\n"
  },
  "model": "webapp.hazardtype",
  "pk": 108
},
{
  "fields": {
    "hazard_type": "Photostat Equipment\n"
  },
  "model": "webapp.hazardtype",
  "pk": 109
},
{
  "fields": {
    "hazard_type": "Photo Rinse Sinks\n"
  },
  "model": "webapp.hazardtype",
  "pk": 110
},
{
  "fields": {
    "hazard_type": "Photo Film Washer\n"
  },
  "model": "webapp.hazardtype",
  "pk": 111
},
{
  "fields": {
    "hazard_type": "Photo Developer (Automatic)\n"
  },
  "model": "webapp.hazardtype",
  "pk": 112
},
{
  "fields": {
    "hazard_type": "Barber Shop\n"
  },
  "model": "webapp.hazardtype",
  "pk": 113
},
{
  "fields": {
    "hazard_type": "Grocery Store\n"
  },
  "model": "webapp.hazardtype",
  "pk": 114
},
{
  "fields": {
    "hazard_type": "Food Processing\n"
  },
  "model": "webapp.hazardtype",
  "pk": 115
},
{
  "fields": {
    "hazard_type": "Pharmacy\n"
  },
  "model": "webapp.hazardtype",
  "pk": 116
},
{
  "fields": {
    "hazard_type": "Restaurant\n"
  },
  "model": "webapp.hazardtype",
  "pk": 117
},
{
  "fields": {
    "hazard_type": "Expansion Tank\n"
  },
  "model": "webapp.hazardtype",
  "pk": 118
},
{
  "fields": {
    "hazard_type": "Movie Theater\n"
  },
  "model": "webapp.hazardtype",
  "pk": 119
},
{
  "fields": {
    "hazard_type": "Retail\n"
  },
  "model": "webapp.hazardtype",
  "pk": 120
},
{
  "fields": {
    "hazard_type": "School\n"
  },
  "model": "webapp.hazardtype",
  "pk": 121
},
{
  "fields": {
    "hazard_type": "Industrial\n"
  },
  "model": "webapp.hazardtype",
  "pk": 122
},
{
  "fields": {
    "hazard_type": "Church\n"
  },
  "model": "webapp.hazardtype",
  "pk": 123
},
{
  "fields": {
    "hazard_type": "Doctors Office\n"
  },
  "model": "webapp.hazardtype",
  "pk": 124
},
{
  "fields": {
    "test_manufacturer": "Wilkins"
  },
  "model": "webapp.testmanufacturer",
  "pk": 1
},
{
  "fields": {
    "test_manufacturer": "Midwest"
  },
  "model": "webapp.testmanufacturer",
  "pk": 2
},
{
  "fields": {
    "test_manufacturer": "Watts"
  },
  "model": "webapp.testmanufacturer",
  "pk": 3
},
{
  "fields": {
    "ic_point": "Yard"
  },
  "model": "webapp.icpointtype",
  "pk": 1
},
{
  "fields": {
    "ic_point": "Building"
  },
  "model": "webapp.icpointtype",
  "pk": 2
},
{
  "fields": {
    "assembly_location": "At Meter"
  },
  "model": "webapp.assemblylocation",
  "pk": 1
},
{
  "fields": {
    "assembly_location": "Internal"
  },
  "model": "webapp.assemblylocation",
  "pk": 2
},
{
  "fields": {
    "assembly_status": "Installed"
  },
  "model": "webapp.assemblystatus",
  "pk": 1
},
{
  "fields": {
    "assembly_status": "Replaced"
  },
  "model": "webapp.assemblystatus",
  "pk": 2
},
{
  "fields": {
    "assembly_status": "Due Install"
  },
  "model": "webapp.assemblystatus",
  "pk": 3
},
{
  "fields": {
    "assembly_status": "Due Replace"
  },
  "model": "webapp.assemblystatus",
  "pk": 4
},
{
  "fields": {
    "assembly_status": "Not Required"
  },
  "model": "webapp.assemblystatus",
  "pk": 5
},
{
  "fields": {
    "letter_type": "Test Due Date",
    "template": ""
  },
  "model": "webapp.lettertype",
  "pk": 1
},
{
  "fields": {
    "letter_type": "Install Due Date",
    "template": ""
  },
  "model": "webapp.lettertype",
  "pk": 2
},
{
  "fields": {
    "floors_count": "1"
  },
  "model": "webapp.floorscount",
  "pk": 1
},
{
  "fields": {
    "floors_count": "2"
  },
  "model": "webapp.floorscount",
  "pk": 2
},
{
  "fields": {
    "floors_count": "3 or more"
  },
  "model": "webapp.floorscount",
  "pk": 3
},
{
  "fields": {
    "special": "A"
  },
  "model": "webapp.special",
  "pk": 1
},
{
  "fields": {
    "special": "B"
  },
  "model": "webapp.special",
  "pk": 2
},
{
  "fields": {
    "special": "C"
  },
  "model": "webapp.special",
  "pk": 3
},
{
  "fields": {
    "special": "D"
  },
  "model": "webapp.special",
  "pk": 4
},
{
  "fields": {
    "special": "E"
  },
  "model": "webapp.special",
  "pk": 5
},
{
  "fields": {
    "orientation": "Horizontal"
  },
  "model": "webapp.orientation",
  "pk": 1
},
{
  "fields": {
    "orientation": "Vertical"
  },
  "model": "webapp.orientation",
  "pk": 2
},
{
  "fields": {
    "site_status": "Active"
  },
  "model": "webapp.sitestatus",
  "pk": 1
},
{
  "fields": {
    "site_status": "Suspended"
  },
  "model": "webapp.sitestatus",
  "pk": 2
},
{
  "fields": {
    "site_status": "Disconnected"
  },
  "model": "webapp.sitestatus",
  "pk": 3
},
{
  "fields": {
    "city": "First Customer city",
    "fax": null,
    "code": 1,
    "name": "First Customer name",
    "zip": "First",
    "address1": "First Customer address",
    "address2": "",
    "number": "Customer1",
    "apt": "",
    "phone": "",
    "state": "AL",
    "notes": "",
    "email": null
  },
  "model": "webapp.customer",
  "pk": 1
},
{
  "fields": {
    "city": "Houston",
    "fax": null,
    "code": 3,
    "name": "John Smith",
    "zip": "52901",
    "address1": "15, Washington St",
    "address2": "",
    "number": "ZXC2",
    "apt": "",
    "phone": "",
    "state": "TX",
    "notes": "",
    "email": null
  },
  "model": "webapp.customer",
  "pk": 2
},
{
  "fields": {
    "city": "Ancoridge",
    "fax": null,
    "code": 4,
    "name": "Mike Doe",
    "zip": "29021",
    "address1": "10, New St",
    "address2": "",
    "number": "SJK472",
    "apt": "",
    "phone": "",
    "state": "AK",
    "notes": "",
    "email": null
  },
  "model": "webapp.customer",
  "pk": 3
},
{
  "fields": {
    "city": "Washington",
    "fax": null,
    "code": 2,
    "name": "Amanda James",
    "zip": "90192",
    "address1": "White House",
    "address2": "",
    "number": "QAZ2WSX",
    "apt": "",
    "phone": "",
    "state": "DC",
    "notes": "",
    "email": null
  },
  "model": "webapp.customer",
  "pk": 4
},
{
  "fields": {
    "city": "Los Angeles",
    "fax": null,
    "code": 1,
    "name": "Jane Asperson",
    "zip": "18212",
    "address1": "176, Beach Avenue",
    "address2": "177, Beach Avenue",
    "number": "IKW182",
    "apt": "",
    "phone": "",
    "state": "CA",
    "notes": "",
    "email": null
  },
  "model": "webapp.customer",
  "pk": 5
},
{
  "fields": {
    "city": "Boston",
    "fax": null,
    "code": 4,
    "name": "Matt Asperson",
    "zip": "19212",
    "address1": "18, Park St",
    "address2": "",
    "number": "MIA281",
    "apt": "",
    "phone": "",
    "state": "MA",
    "notes": "",
    "email": null
  },
  "model": "webapp.customer",
  "pk": 6
},
{
  "fields": {
    "city": "Chikago",
    "fax": null,
    "code": 2,
    "name": "Giles Corey",
    "zip": "19021",
    "address1": "128, River Groove",
    "address2": "",
    "number": "OIK182",
    "apt": "",
    "phone": "",
    "state": "IL",
    "notes": "",
    "email": null
  },
  "model": "webapp.customer",
  "pk": 7
},
{
  "fields": {
    "city": "Seattle",
    "fax": null,
    "code": 3,
    "name": "Gabe Newell",
    "zip": "12382",
    "address1": "127",
    "address2": "",
    "number": "VALVE",
    "apt": "",
    "phone": "",
    "state": "WA",
    "notes": "",
    "email": null
  },
  "model": "webapp.customer",
  "pk": 8
},
{
  "fields": {
    "city": "Second PWS city",
    "notes": "Quisque lorem magna, tincidunt in tempor at, placerat ut augue. Duis mattis massa luctus dui blandit auctor. Donec erat tellus, varius at vulputate in, finibus quis lacus. Proin in dui sit amet ex dignissim molestie eget volutpat nibh. Proin vel iaculis l",
    "water_source": 2,
    "number": "PWS2",
    "name": "Second PWS"
  },
  "model": "webapp.pws",
  "pk": 1
},
{
  "fields": {
    "city": "First PWS city",
    "notes": "Lorem ipsum dolor sit amet, consectetur adipiscing elit. Ut id feugiat urna, in convallis dui. Fusce in luctus quam. In pellentesque porta nisi ut vulputate. Sed dignissim dolor felis, eget pellentesque dolor iaculis ut. Mauris at convallis odio. Mauris c",
    "water_source": 1,
    "number": "PWS1",
    "name": "First PWS"
  },
  "model": "webapp.pws",
  "pk": 2
},
{
  "fields": {
    "city": "Third PWS city",
    "notes": "This is test notes",
    "water_source": 3,
    "number": "PWS3",
    "name": "Third PWS"
  },
  "model": "webapp.pws",
  "pk": 3
},
{
  "fields": {
    "city": "Houston",
    "notes": "",
    "water_source": 3,
    "number": "XOL852",
    "name": "Houston PWS"
  },
  "model": "webapp.pws",
  "pk": 4
},
{
  "fields": {
    "city": "Ancoridge",
    "notes": "",
    "water_source": 3,
    "number": "AL202",
    "name": "Alaska Central PWS"
  },
  "model": "webapp.pws",
  "pk": 5
},
{
  "fields": {
    "city": "Washington",
    "notes": "",
    "water_source": 3,
    "number": "DOC121",
    "name": "White House PWS"
  },
  "model": "webapp.pws",
  "pk": 6
},
{
  "fields": {
    "city": "Los Angeles",
    "notes": "",
    "water_source": 2,
    "number": "LA200",
    "name": "Los Angeles Beach System"
  },
  "model": "webapp.pws",
  "pk": 7
},
{
  "fields": {
    "city": "Boston",
    "notes": "",
    "water_source": 2,
    "number": "KSL12",
    "name": "MIT Public Water System"
  },
  "model": "webapp.pws",
  "pk": 8
},
{
  "fields": {
    "city": "Chikago",
    "notes": "",
    "water_source": 1,
    "number": "NUI812",
    "name": "North USA PWS"
  },
  "model": "webapp.pws",
  "pk": 9
},
{
  "fields": {
    "city": "Seattle",
    "notes": "",
    "water_source": 2,
    "number": "SW12",
    "name": "South Western PWS"
  },
  "model": "webapp.pws",
  "pk": 10
},
{
  "fields": {
    "next_survey_date": "2015-01-15",
    "apt": "",
    "floors": 1,
    "city": "Second Site city",
    "site_type": 2,
    "zip": "Second zip",
    "state": "ID",
    "fire_present": false,
    "status": 1,
    "pws": 1,
    "address1": "Second Site address",
    "address2": "",
    "meter_number": null,
    "potable_present": false,
    "meter_reading": null,
    "is_due_install": false,
    "customer": 1,
    "is_backflow": false,
    "site_use": 1,
    "connect_date": "2015-01-15",
    "route": null,
    "meter_size": null,
    "interconnection_point": 1,
    "irrigation_present": false,
    "notes": ""
  },
  "model": "webapp.site",
  "pk": 1
},
{
  "fields": {
    "next_survey_date": null,
    "apt": "",
    "floors": 1,
    "city": "First Site city",
    "site_type": 8,
    "zip": "First zip",
    "state": "AK",
    "fire_present": false,
    "status": 1,
    "pws": 2,
    "address1": "First Site address",
    "address2": "",
    "meter_number": null,
    "potable_present": false,
    "meter_reading": null,
    "is_due_install": false,
    "customer": 1,
    "is_backflow": false,
    "site_use": 3,
    "connect_date": "2015-01-15",
    "route": null,
    "meter_size": null,
    "interconnection_point": 1,
    "irrigation_present": false,
    "notes": ""
  },
  "model": "webapp.site",
  "pk": 2
},
{
  "fields": {
    "next_survey_date": null,
    "apt": "",
    "floors": 3,
    "city": "Houston",
    "site_type": 4,
    "zip": "50396",
    "state": "TX",
    "fire_present": false,
    "status": 1,
    "pws": 4,
    "address1": "56, 27 Avenue",
    "address2": "",
    "meter_number": null,
    "potable_present": true,
    "meter_reading": null,
    "is_due_install": false,
    "customer": 2,
    "is_backflow": false,
    "site_use": 6,
    "connect_date": "2015-01-22",
    "route": null,
    "meter_size": null,
    "interconnection_point": 2,
    "irrigation_present": false,
    "notes": ""
  },
  "model": "webapp.site",
  "pk": 3
},
{
  "fields": {
    "next_survey_date": null,
    "apt": "",
    "floors": 3,
    "city": "Ancoridge",
    "site_type": 11,
    "zip": "39012",
    "state": "AK",
    "fire_present": false,
    "status": 1,
    "pws": 9,
    "address1": "18/12, Central Square",
    "address2": "",
    "meter_number": null,
    "potable_present": true,
    "meter_reading": null,
    "is_due_install": false,
    "customer": 3,
    "is_backflow": false,
    "site_use": 5,
    "connect_date": "2015-01-22",
    "route": null,
    "meter_size": null,
    "interconnection_point": 2,
    "irrigation_present": false,
    "notes": ""
  },
  "model": "webapp.site",
  "pk": 4
},
{
  "fields": {
    "next_survey_date": null,
    "apt": "",
    "floors": 3,
    "city": "Washington",
    "site_type": 31,
    "zip": "80192",
    "state": "DC",
    "fire_present": true,
    "status": 1,
    "pws": 6,
    "address1": "White House",
    "address2": "",
    "meter_number": null,
    "potable_present": true,
    "meter_reading": null,
    "is_due_install": false,
    "customer": 4,
    "is_backflow": false,
    "site_use": 3,
    "connect_date": "2015-01-22",
    "route": null,
    "meter_size": null,
    "interconnection_point": 1,
    "irrigation_present": false,
    "notes": ""
  },
  "model": "webapp.site",
  "pk": 5
},
{
  "fields": {
    "next_survey_date": null,
    "apt": "",
    "floors": 3,
    "city": "New York",
    "site_type": 31,
    "zip": "89012",
    "state": "NY",
    "fire_present": false,
    "status": 1,
    "pws": 6,
    "address1": "Manhattan",
    "address2": "",
    "meter_number": null,
    "potable_present": false,
    "meter_reading": null,
    "is_due_install": false,
    "customer": 4,
    "is_backflow": false,
    "site_use": 7,
    "connect_date": null,
    "route": null,
    "meter_size": null,
    "interconnection_point": 2,
    "irrigation_present": false,
    "notes": ""
  },
  "model": "webapp.site",
  "pk": 6
},
{
  "fields": {
    "next_survey_date": null,
    "apt": "",
    "floors": 3,
    "city": "Los Angeles",
    "site_type": 11,
    "zip": "18012",
    "state": "CA",
    "fire_present": true,
    "status": 1,
    "pws": 7,
    "address1": "745, 18 Avenue",
    "address2": "",
    "meter_number": null,
    "potable_present": true,
    "meter_reading": null,
    "is_due_install": false,
    "customer": 5,
    "is_backflow": false,
    "site_use": 1,
    "connect_date": "2015-01-22",
    "route": null,
    "meter_size": null,
    "interconnection_point": 2,
    "irrigation_present": false,
    "notes": ""
  },
  "model": "webapp.site",
  "pk": 7
},
{
  "fields": {
    "next_survey_date": null,
    "apt": "",
    "floors": 3,
    "city": "Boston",
    "site_type": 1,
    "zip": "10292",
    "state": "MA",
    "fire_present": false,
    "status": 1,
    "pws": 8,
    "address1": "182, Freeport St",
    "address2": "",
    "meter_number": null,
    "potable_present": true,
    "meter_reading": null,
    "is_due_install": false,
    "customer": 6,
    "is_backflow": false,
    "site_use": 5,
    "connect_date": null,
    "route": null,
    "meter_size": null,
    "interconnection_point": 2,
    "irrigation_present": false,
    "notes": ""
  },
  "model": "webapp.site",
  "pk": 8
},
{
  "fields": {
    "next_survey_date": "2016-02-09",
    "apt": "",
    "floors": 1,
    "city": "Chikago",
    "site_type": 19,
    "zip": "00192",
    "state": "IL",
    "fire_present": false,
    "status": 1,
    "pws": 9,
    "address1": "121, Broadview",
    "address2": "",
    "meter_number": "",
    "potable_present": true,
    "meter_reading": null,
    "is_due_install": false,
    "customer": 7,
    "is_backflow": false,
    "site_use": 5,
    "connect_date": null,
    "route": "",
    "meter_size": "",
    "interconnection_point": 1,
    "irrigation_present": false,
    "notes": ""
  },
  "model": "webapp.site",
  "pk": 9
},
{
  "fields": {
    "next_survey_date": null,
    "apt": "",
    "floors": 2,
    "city": "Seattle",
    "site_type": 4,
    "zip": "18921",
    "state": "WA",
    "fire_present": false,
    "status": 1,
    "pws": 9,
    "address1": "98, South Jackson st",
    "address2": "",
    "meter_number": null,
    "potable_present": true,
    "meter_reading": null,
    "is_due_install": false,
    "customer": 8,
    "is_backflow": false,
    "site_use": 1,
    "connect_date": null,
    "route": null,
    "meter_size": null,
    "interconnection_point": 1,
    "irrigation_present": true,
    "notes": ""
  },
  "model": "webapp.site",
  "pk": 10
},
{
  "fields": {
    "replace_date": null,
    "due_install_test_date": "2015-05-31",
    "bp_type_required": null,
    "orientation": null,
    "bp_type_present": null,
    "install_date": "2015-02-18",
    "notes": "",
    "serial_no": "",
    "location2": "",
    "assembly_status": 3,
    "assembly_location": 2,
    "model_no": "",
    "survey": 2,
    "installer": "",
    "installed_properly": false,
    "hazard_type": 40,
    "location1": "Seattle",
    "bp_size": null,
    "manufacturer": null
  },
  "model": "webapp.hazard",
  "pk": 1
},
{
  "fields": {
    "replace_date": null,
    "due_install_test_date": null,
    "bp_type_required": null,
    "orientation": null,
    "bp_type_present": null,
    "install_date": null,
    "notes": "",
    "serial_no": "",
    "location2": "",
    "assembly_status": 1,
    "assembly_location": 2,
    "model_no": "",
    "survey": 1,
    "installer": "",
    "installed_properly": false,
    "hazard_type": 14,
    "location1": "Washington",
    "bp_size": null,
    "manufacturer": null
  },
  "model": "webapp.hazard",
  "pk": 2
},
{
  "fields": {
    "replace_date": null,
    "due_install_test_date": null,
    "bp_type_required": null,
    "orientation": null,
    "bp_type_present": null,
    "install_date": null,
    "notes": "",
    "serial_no": "",
    "location2": "",
    "assembly_status": null,
    "assembly_location": null,
    "model_no": "",
    "survey": 1,
    "installer": "",
    "installed_properly": false,
    "hazard_type": 1,
    "location1": "White House",
    "bp_size": null,
    "manufacturer": null
  },
  "model": "webapp.hazard",
  "pk": 3
},
{
  "fields": {
    "name": "Testers",
    "permissions": [
      [
        "access_to_site_hazards",
        "webapp",
        "hazard"
      ],
      [
        "browse_hazard",
        "webapp",
        "hazard"
      ],
      [
        "change_hazard",
        "webapp",
        "hazard"
      ],
      [
        "access_to_test_sites",
        "webapp",
        "site"
      ],
      [
        "browse_site",
        "webapp",
        "site"
      ],
      [
        "commit_site",
        "webapp",
        "site"
      ],
      [
        "access_to_own_tests",
        "webapp",
        "test"
      ],
      [
        "add_test",
        "webapp",
        "test"
      ],
      [
        "browse_test",
        "webapp",
        "test"
      ],
      [
        "change_test",
        "webapp",
        "test"
      ]
    ]
  },
  "model": "auth.group",
  "pk": 1
},
{
  "fields": {
    "name": "Surveyors",
    "permissions": [
      [
        "access_to_own_hazards",
        "webapp",
        "hazard"
      ],
      [
        "add_hazard",
        "webapp",
        "hazard"
      ],
      [
        "browse_hazard",
        "webapp",
        "hazard"
      ],
      [
        "change_all_info_about_hazard",
        "webapp",
        "hazard"
      ],
      [
        "change_hazard",
        "webapp",
        "hazard"
      ],
      [
        "access_to_survey_sites",
        "webapp",
        "site"
      ],
      [
        "browse_site",
        "webapp",
        "site"
      ],
      [
        "commit_site",
        "webapp",
        "site"
      ],
      [
        "access_to_own_surveys",
        "webapp",
        "survey"
      ],
      [
        "add_survey",
        "webapp",
        "survey"
      ],
      [
        "browse_survey",
        "webapp",
        "survey"
      ],
      [
        "change_survey",
        "webapp",
        "survey"
      ]
    ]
  },
  "model": "auth.group",
  "pk": 2
},
{
  "fields": {
    "name": "Administrators",
    "permissions": [
      [
        "add_user",
        "auth",
        "user"
      ],
      [
        "change_user",
        "auth",
        "user"
      ],
      [
        "add_customer",
        "webapp",
        "customer"
      ],
      [
        "browse_customer",
        "webapp",
        "customer"
      ],
      [
        "change_customer",
        "webapp",
        "customer"
      ],
      [
        "access_to_pws_users",
        "webapp",
        "employee"
      ],
      [
        "add_employee",
        "webapp",
        "employee"
      ],
      [
        "browse_user",
        "webapp",
        "employee"
      ],
      [
        "change_employee",
        "webapp",
        "employee"
      ],
      [
        "access_to_pws_hazards",
        "webapp",
        "hazard"
      ],
      [
        "add_hazard",
        "webapp",
        "hazard"
      ],
      [
        "browse_hazard",
        "webapp",
        "hazard"
      ],
      [
        "change_all_info_about_hazard",
        "webapp",
        "hazard"
      ],
      [
        "change_hazard",
        "webapp",
        "hazard"
      ],
      [
        "access_to_pws_inspections",
        "webapp",
        "inspection"
      ],
      [
        "add_inspection",
        "webapp",
        "inspection"
      ],
      [
        "browse_inspection",
        "webapp",
        "inspection"
      ],
      [
        "change_inspection",
        "webapp",
        "inspection"
      ],
      [
        "add_letter",
        "webapp",
        "letter"
      ],
      [
        "browse_letter",
        "webapp",
        "letter"
      ],
      [
        "change_letter",
        "webapp",
        "letter"
      ],
      [
        "access_to_import",
        "webapp",
        "site"
      ],
      [
        "access_to_pws_sites",
        "webapp",
        "site"
      ],
      [
        "add_site",
        "webapp",
        "site"
      ],
      [
        "assign_surveyor",
        "webapp",
        "site"
      ],
      [
        "assign_tester",
        "webapp",
        "site"
      ],
      [
        "browse_site",
        "webapp",
        "site"
      ],
      [
        "change_site",
        "webapp",
        "site"
      ],
      [
        "commit_site",
        "webapp",
        "site"
      ],
      [
        "access_to_pws_surveys",
        "webapp",
        "survey"
      ],
      [
        "add_many_surveys_per_site",
        "webapp",
        "survey"
      ],
      [
        "add_survey",
        "webapp",
        "survey"
      ],
      [
        "browse_survey",
        "webapp",
        "survey"
      ],
      [
        "change_survey",
        "webapp",
        "survey"
      ],
      [
        "access_to_pws_tests",
        "webapp",
        "test"
      ],
      [
        "add_many_tests_per_hazard",
        "webapp",
        "test"
      ],
      [
        "add_test",
        "webapp",
        "test"
      ],
      [
        "browse_test",
        "webapp",
        "test"
      ],
      [
        "change_test",
        "webapp",
        "test"
      ],
      [
        "access_to_pws_testpermissions",
        "webapp",
        "testpermission"
      ],
      [
        "add_testpermission",
        "webapp",
        "testpermission"
      ],
      [
        "browse_testpermission",
        "webapp",
        "testpermission"
      ],
      [
        "change_testpermission",
        "webapp",
        "testpermission"
      ]
    ]
  },
  "model": "auth.group",
  "pk": 3
},
{
  "fields": {
    "name": "SuperAdministrators",
    "permissions": [
      [
        "add_logentry",
        "admin",
        "logentry"
      ],
      [
        "change_logentry",
        "admin",
        "logentry"
      ],
      [
        "delete_logentry",
        "admin",
        "logentry"
      ],
      [
        "add_group",
        "auth",
        "group"
      ],
      [
        "change_group",
        "auth",
        "group"
      ],
      [
        "delete_group",
        "auth",
        "group"
      ],
      [
        "add_permission",
        "auth",
        "permission"
      ],
      [
        "change_permission",
        "auth",
        "permission"
      ],
      [
        "delete_permission",
        "auth",
        "permission"
      ],
      [
        "add_user",
        "auth",
        "user"
      ],
      [
        "change_user",
        "auth",
        "user"
      ],
      [
        "delete_user",
        "auth",
        "user"
      ],
      [
        "add_contenttype",
        "contenttypes",
        "contenttype"
      ],
      [
        "change_contenttype",
        "contenttypes",
        "contenttype"
      ],
      [
        "delete_contenttype",
        "contenttypes",
        "contenttype"
      ],
      [
        "add_session",
        "sessions",
        "session"
      ],
      [
        "change_session",
        "sessions",
        "session"
      ],
      [
        "delete_session",
        "sessions",
        "session"
      ],
      [
        "add_assemblylocation",
        "webapp",
        "assemblylocation"
      ],
      [
        "browse_assemblylocation",
        "webapp",
        "assemblylocation"
      ],
      [
        "change_assemblylocation",
        "webapp",
        "assemblylocation"
      ],
      [
        "delete_assemblylocation",
        "webapp",
        "assemblylocation"
      ],
      [
        "add_assemblystatus",
        "webapp",
        "assemblystatus"
      ],
      [
        "browse_assemblystatus",
        "webapp",
        "assemblystatus"
      ],
      [
        "change_assemblystatus",
        "webapp",
        "assemblystatus"
      ],
      [
        "delete_assemblystatus",
        "webapp",
        "assemblystatus"
      ],
      [
        "add_bpmanufacturer",
        "webapp",
        "bpmanufacturer"
      ],
      [
        "browse_bpmanufacturer",
        "webapp",
        "bpmanufacturer"
      ],
      [
        "change_bpmanufacturer",
        "webapp",
        "bpmanufacturer"
      ],
      [
        "delete_bpmanufacturer",
        "webapp",
        "bpmanufacturer"
      ],
      [
        "add_bpsize",
        "webapp",
        "bpsize"
      ],
      [
        "browse_bpsize",
        "webapp",
        "bpsize"
      ],
      [
        "change_bpsize",
        "webapp",
        "bpsize"
      ],
      [
        "delete_bpsize",
        "webapp",
        "bpsize"
      ],
      [
        "add_bptype",
        "webapp",
        "bptype"
      ],
      [
        "browse_bptype",
        "webapp",
        "bptype"
      ],
      [
        "change_bptype",
        "webapp",
        "bptype"
      ],
      [
        "delete_bptype",
        "webapp",
        "bptype"
      ],
      [
        "add_customer",
        "webapp",
        "customer"
      ],
      [
        "browse_customer",
        "webapp",
        "customer"
      ],
      [
        "change_customer",
        "webapp",
        "customer"
      ],
      [
        "delete_customer",
        "webapp",
        "customer"
      ],
      [
        "add_customercode",
        "webapp",
        "customercode"
      ],
      [
        "browse_customercode",
        "webapp",
        "customercode"
      ],
      [
        "change_customercode",
        "webapp",
        "customercode"
      ],
      [
        "delete_customercode",
        "webapp",
        "customercode"
      ],
      [
        "access_to_adminpanel",
        "webapp",
        "employee"
      ],
      [
        "access_to_all_users",
        "webapp",
        "employee"
      ],
      [
        "access_to_pws_users",
        "webapp",
        "employee"
      ],
      [
        "add_employee",
        "webapp",
        "employee"
      ],
      [
        "browse_user",
        "webapp",
        "employee"
      ],
      [
        "change_employee",
        "webapp",
        "employee"
      ],
      [
        "delete_employee",
        "webapp",
        "employee"
      ],
      [
        "add_floorscount",
        "webapp",
        "floorscount"
      ],
      [
        "browse_floorscount",
        "webapp",
        "floorscount"
      ],
      [
        "change_floorscount",
        "webapp",
        "floorscount"
      ],
      [
        "delete_floorscount",
        "webapp",
        "floorscount"
      ],
      [
        "access_to_all_hazards",
        "webapp",
        "hazard"
      ],
      [
        "access_to_own_hazards",
        "webapp",
        "hazard"
      ],
      [
        "access_to_pws_hazards",
        "webapp",
        "hazard"
      ],
      [
        "access_to_site_hazards",
        "webapp",
        "hazard"
      ],
      [
        "add_hazard",
        "webapp",
        "hazard"
      ],
      [
        "browse_hazard",
        "webapp",
        "hazard"
      ],
      [
        "change_all_info_about_hazard",
        "webapp",
        "hazard"
      ],
      [
        "change_hazard",
        "webapp",
        "hazard"
      ],
      [
        "delete_hazard",
        "webapp",
        "hazard"
      ],
      [
        "add_hazardtype",
        "webapp",
        "hazardtype"
      ],
      [
        "browse_hazardtype",
        "webapp",
        "hazardtype"
      ],
      [
        "change_hazardtype",
        "webapp",
        "hazardtype"
      ],
      [
        "delete_hazardtype",
        "webapp",
        "hazardtype"
      ],
      [
        "add_icpointtype",
        "webapp",
        "icpointtype"
      ],
      [
        "browse_icpointtype",
        "webapp",
        "icpointtype"
      ],
      [
        "change_icpointtype",
        "webapp",
        "icpointtype"
      ],
      [
        "delete_icpointtype",
        "webapp",
        "icpointtype"
      ],
      [
        "access_to_all_inspections",
        "webapp",
        "inspection"
      ],
      [
        "access_to_pws_inspections",
        "webapp",
        "inspection"
      ],
      [
        "add_inspection",
        "webapp",
        "inspection"
      ],
      [
        "browse_inspection",
        "webapp",
        "inspection"
      ],
      [
        "change_inspection",
        "webapp",
        "inspection"
      ],
      [
        "delete_inspection",
        "webapp",
        "inspection"
      ],
      [
        "add_letter",
        "webapp",
        "letter"
      ],
      [
        "browse_letter",
        "webapp",
        "letter"
      ],
      [
        "change_letter",
        "webapp",
        "letter"
      ],
      [
        "delete_letter",
        "webapp",
        "letter"
      ],
      [
        "add_lettertype",
        "webapp",
        "lettertype"
      ],
      [
        "browse_lettertype",
        "webapp",
        "lettertype"
      ],
      [
        "change_lettertype",
        "webapp",
        "lettertype"
      ],
      [
        "delete_lettertype",
        "webapp",
        "lettertype"
      ],
      [
        "add_licence",
        "webapp",
        "licence"
      ],
      [
        "browse_licence",
        "webapp",
        "licence"
      ],
      [
        "change_licence",
        "webapp",
        "licence"
      ],
      [
        "delete_licence",
        "webapp",
        "licence"
      ],
      [
        "add_orientation",
        "webapp",
        "orientation"
      ],
      [
        "browse_orientation",
        "webapp",
        "orientation"
      ],
      [
        "change_orientation",
        "webapp",
        "orientation"
      ],
      [
        "delete_orientation",
        "webapp",
        "orientation"
      ],
      [
        "add_pws",
        "webapp",
        "pws"
      ],
      [
        "browse_pws",
        "webapp",
        "pws"
      ],
      [
        "change_pws",
        "webapp",
        "pws"
      ],
      [
        "delete_pws",
        "webapp",
        "pws"
      ],
      [
        "add_servicetype",
        "webapp",
        "servicetype"
      ],
      [
        "browse_servicetype",
        "webapp",
        "servicetype"
      ],
      [
        "change_servicetype",
        "webapp",
        "servicetype"
      ],
      [
        "delete_servicetype",
        "webapp",
        "servicetype"
      ],
      [
        "access_to_all_sites",
        "webapp",
        "site"
      ],
      [
        "access_to_import",
        "webapp",
        "site"
      ],
      [
        "access_to_pws_sites",
        "webapp",
        "site"
      ],
      [
        "access_to_survey_sites",
        "webapp",
        "site"
      ],
      [
        "access_to_test_sites",
        "webapp",
        "site"
      ],
      [
        "add_site",
        "webapp",
        "site"
      ],
      [
        "assign_surveyor",
        "webapp",
        "site"
      ],
      [
        "assign_tester",
        "webapp",
        "site"
      ],
      [
        "browse_site",
        "webapp",
        "site"
      ],
      [
        "change_site",
        "webapp",
        "site"
      ],
      [
        "commit_site",
        "webapp",
        "site"
      ],
      [
        "delete_site",
        "webapp",
        "site"
      ],
      [
        "add_sitestatus",
        "webapp",
        "sitestatus"
      ],
      [
        "browse_sitestatus",
        "webapp",
        "sitestatus"
      ],
      [
        "change_sitestatus",
        "webapp",
        "sitestatus"
      ],
      [
        "delete_sitestatus",
        "webapp",
        "sitestatus"
      ],
      [
        "add_sitetype",
        "webapp",
        "sitetype"
      ],
      [
        "browse_sitetype",
        "webapp",
        "sitetype"
      ],
      [
        "change_sitetype",
        "webapp",
        "sitetype"
      ],
      [
        "delete_sitetype",
        "webapp",
        "sitetype"
      ],
      [
        "add_siteuse",
        "webapp",
        "siteuse"
      ],
      [
        "browse_siteuse",
        "webapp",
        "siteuse"
      ],
      [
        "change_siteuse",
        "webapp",
        "siteuse"
      ],
      [
        "delete_siteuse",
        "webapp",
        "siteuse"
      ],
      [
        "add_sourcetype",
        "webapp",
        "sourcetype"
      ],
      [
        "browse_sourcetype",
        "webapp",
        "sourcetype"
      ],
      [
        "change_sourcetype",
        "webapp",
        "sourcetype"
      ],
      [
        "delete_sourcetype",
        "webapp",
        "sourcetype"
      ],
      [
        "add_special",
        "webapp",
        "special"
      ],
      [
        "browse_special",
        "webapp",
        "special"
      ],
      [
        "change_special",
        "webapp",
        "special"
      ],
      [
        "delete_special",
        "webapp",
        "special"
      ],
      [
        "access_to_all_surveys",
        "webapp",
        "survey"
      ],
      [
        "access_to_own_surveys",
        "webapp",
        "survey"
      ],
      [
        "access_to_pws_surveys",
        "webapp",
        "survey"
      ],
      [
        "add_many_surveys_per_site",
        "webapp",
        "survey"
      ],
      [
        "add_survey",
        "webapp",
        "survey"
      ],
      [
        "browse_survey",
        "webapp",
        "survey"
      ],
      [
        "change_survey",
        "webapp",
        "survey"
      ],
      [
        "delete_survey",
        "webapp",
        "survey"
      ],
      [
        "add_surveytype",
        "webapp",
        "surveytype"
      ],
      [
        "browse_surveytype",
        "webapp",
        "surveytype"
      ],
      [
        "change_surveytype",
        "webapp",
        "surveytype"
      ],
      [
        "delete_surveytype",
        "webapp",
        "surveytype"
      ],
      [
        "access_to_all_tests",
        "webapp",
        "test"
      ],
      [
        "access_to_own_tests",
        "webapp",
        "test"
      ],
      [
        "access_to_pws_tests",
        "webapp",
        "test"
      ],
      [
        "add_many_tests_per_hazard",
        "webapp",
        "test"
      ],
      [
        "add_test",
        "webapp",
        "test"
      ],
      [
        "browse_test",
        "webapp",
        "test"
      ],
      [
        "change_test",
        "webapp",
        "test"
      ],
      [
        "delete_test",
        "webapp",
        "test"
      ],
      [
        "add_testmanufacturer",
        "webapp",
        "testmanufacturer"
      ],
      [
        "browse_testmanufacturer",
        "webapp",
        "testmanufacturer"
      ],
      [
        "change_testmanufacturer",
        "webapp",
        "testmanufacturer"
      ],
      [
        "delete_testmanufacturer",
        "webapp",
        "testmanufacturer"
      ],
      [
        "access_to_all_testpermissions",
        "webapp",
        "testpermission"
      ],
      [
        "access_to_pws_testpermissions",
        "webapp",
        "testpermission"
      ],
      [
        "add_testpermission",
        "webapp",
        "testpermission"
      ],
      [
        "browse_testpermission",
        "webapp",
        "testpermission"
      ],
      [
        "change_testpermission",
        "webapp",
        "testpermission"
      ],
      [
        "delete_testpermission",
        "webapp",
        "testpermission"
      ]
    ]
  },
  "model": "auth.group",
  "pk": 4
},
{
  "fields": {
    "username": "root",
    "first_name": "root",
    "last_name": "root",
    "is_active": true,
    "is_superuser": true,
    "is_staff": true,
    "last_login": "2015-02-17T05:18:51Z",
    "groups": [
      [
        "SuperAdministrators"
      ]
    ],
    "user_permissions": [],
    "password": "pbkdf2_sha256$12000$u9z9TV8pJf6r$ARP9lroecfgLdtEcUbYrgWCrti36AwnvEZ3I0ThseE8=",
    "email": "thesomeq@gmail.com",
    "date_joined": "2015-01-12T06:14:02Z"
  },
  "model": "auth.user",
  "pk": 1
},
{
  "fields": {
    "username": "tester",
    "first_name": "tester",
    "last_name": "tester",
    "is_active": true,
    "is_superuser": false,
    "is_staff": false,
    "last_login": "2015-02-17T05:18:47Z",
    "groups": [
      [
        "Testers"
      ]
    ],
    "user_permissions": [],
    "password": "pbkdf2_sha256$12000$f1AektJQFT9r$JThfdyKIkuljMhpViPjrV3FHOwD7wviP4FygzknllYY=",
    "email": "",
    "date_joined": "2015-01-15T10:53:43Z"
  },
  "model": "auth.user",
  "pk": 2
},
{
  "fields": {
    "username": "surveyor",
    "first_name": "surveyor",
    "last_name": "surveyor",
    "is_active": true,
    "is_superuser": false,
    "is_staff": false,
    "last_login": "2015-02-17T05:17:11Z",
    "groups": [
      [
        "Surveyors"
      ]
    ],
    "user_permissions": [],
    "password": "pbkdf2_sha256$12000$I4iwX5QbCR4Y$5QMZNxhNEET9GCF3jscIPQFlTCkMXcAVjr9wnAAg+io=",
    "email": "",
    "date_joined": "2015-01-15T10:55:12Z"
  },
  "model": "auth.user",
  "pk": 3
},
{
  "fields": {
    "username": "admin",
    "first_name": "admin",
    "last_name": "admin",
    "is_active": true,
    "is_superuser": false,
    "is_staff": false,
    "last_login": "2015-02-17T05:13:56Z",
    "groups": [
      [
        "Administrators"
      ]
    ],
    "user_permissions": [],
    "password": "pbkdf2_sha256$12000$8ESmszcAfMs8$jEm7zn5Xz8x12Bmye3UlKjL/1WUDqz9OkygH7QnHlOQ=",
    "email": "",
    "date_joined": "2015-01-15T10:55:45Z"
  },
  "model": "auth.user",
  "pk": 4
},
{
  "fields": {
    "username": "superadmin",
    "first_name": "",
    "last_name": "",
    "is_active": true,
    "is_superuser": false,
    "is_staff": true,
    "last_login": "2015-02-16T10:56:26Z",
    "groups": [
      [
        "SuperAdministrators"
      ]
    ],
    "user_permissions": [],
    "password": "pbkdf2_sha256$12000$2fUYcI9umPgG$Agziyt/ksLMXYFuIUHq80qTVWaI1MfHFsZJ900JBSP8=",
    "email": "",
    "date_joined": "2015-01-27T05:36:46Z"
  },
  "model": "auth.user",
  "pk": 5
},
{
  "fields": {
    "username": "newuser",
    "first_name": "first",
    "last_name": "last",
    "is_active": true,
    "is_superuser": false,
    "is_staff": false,
    "last_login": "2015-02-16T09:22:47Z",
    "groups": [
      [
        "Surveyors"
      ]
    ],
    "user_permissions": [],
    "password": "pbkdf2_sha256$12000$c3kWKbhiABNq$l87otPuhiz/Hjo+NgVkggDDmMQjV22OQZHGzRxY+SJo=",
    "email": "newuser@example.com",
    "date_joined": "2015-02-16T09:12:13Z"
  },
  "model": "auth.user",
  "pk": 8
},
{
  "fields": {
    "assigned_by": [
      "root"
    ],
    "notes": "fas",
    "is_active": true,
    "site": 2,
    "assigned_to": [
      "surveyor"
    ],
    "assigned_date": "2015-01-15"
  },
  "model": "webapp.inspection",
  "pk": 1
},
{
  "fields": {
    "assigned_by": [
      "root"
    ],
    "notes": "",
    "is_active": true,
    "site": 10,
    "assigned_to": [
      "surveyor"
    ],
    "assigned_date": "2015-01-22"
  },
  "model": "webapp.inspection",
  "pk": 2
},
{
  "fields": {
    "due_date": "2015-01-15",
    "given_date": "2015-01-15",
    "given_by": [
      "admin"
    ],
    "notes": "notes\r\n",
    "is_active": true,
    "site": 1,
    "given_to": [
      "tester"
    ]
  },
  "model": "webapp.testpermission",
  "pk": 1
},
{
  "fields": {
    "due_date": "2015-04-30",
    "given_date": "2015-01-22",
    "given_by": [
      "root"
    ],
    "notes": "",
    "is_active": true,
    "site": 6,
    "given_to": [
      "tester"
    ]
  },
  "model": "webapp.testpermission",
  "pk": 2
},
{
  "fields": {
    "due_date": "2015-05-31",
    "given_date": "2015-01-26",
    "given_by": [
      "admin"
    ],
    "notes": "",
    "is_active": true,
    "site": 10,
    "given_to": [
      "tester"
    ]
  },
  "model": "webapp.testpermission",
  "pk": 3
},
{
  "fields": {
    "due_date": "2020-12-12",
    "given_date": "2015-02-12",
    "given_by": [
      "root"
    ],
    "notes": "",
    "is_active": true,
    "site": 1,
    "given_to": [
      "tester"
    ]
  },
  "model": "webapp.testpermission",
  "pk": 4
},
{
  "fields": {
    "given_by": [
      "root"
    ],
    "end_date": "2015-04-30",
    "notes": "",
    "is_active": true,
    "given_to": [
      "admin"
    ],
    "start_date": "2015-01-01"
  },
  "model": "webapp.licence",
  "pk": 1
},
{
  "fields": {
    "outlet_sov_leaked": false,
    "rv_psi1": null,
    "rv_psi2": null,
    "cv2_maintenance": false,
    "pvb_open_pressure": null,
    "cv2_leaked": false,
    "cv_held_pressure": null,
    "rv_maintenance": false,
    "test_result": false,
    "pvb_opened": false,
    "last_calibration_date": "2015-01-27",
    "cv_maintenance": false,
    "cv2_gauge_pressure": null,
    "tester": [
      "tester"
    ],
    "cv1_maintenance": false,
    "cv_leaked": false,
    "cv2_maintenance_pressure": null,
    "test_serial_number": "123",
    "cv_psi": null,
    "test_manufacturer": 3,
    "cv1_gauge_pressure": null,
    "rv_opened": false,
    "cv1_maintenance_pressure": null,
    "cv1_leaked": false,
    "bp_device": 1,
    "next_test_date": null,
    "notes": "",
    "air_inlet_psi": null,
    "test_date": "2015-01-27"
  },
  "model": "webapp.test",
  "pk": 1
},
{
  "fields": {
    "outlet_sov_leaked": false,
    "rv_psi1": null,
    "rv_psi2": null,
    "cv2_maintenance": false,
    "pvb_open_pressure": null,
    "cv2_leaked": false,
    "cv_held_pressure": null,
    "rv_maintenance": false,
    "test_result": false,
    "pvb_opened": false,
    "last_calibration_date": "2015-01-27",
    "cv_maintenance": false,
    "cv2_gauge_pressure": null,
    "tester": [
      "tester"
    ],
    "cv1_maintenance": false,
    "cv_leaked": false,
    "cv2_maintenance_pressure": null,
    "test_serial_number": "456",
    "cv_psi": null,
    "test_manufacturer": 1,
    "cv1_gauge_pressure": null,
    "rv_opened": false,
    "cv1_maintenance_pressure": null,
    "cv1_leaked": false,
    "bp_device": 2,
    "next_test_date": null,
    "notes": "",
    "air_inlet_psi": null,
    "test_date": "2015-01-27"
  },
  "model": "webapp.test",
  "pk": 2
},
{
  "fields": {
    "detector_manufacturer": "",
    "detector_model": "",
    "pump_present": false,
    "survey_type": 4,
    "cc_present": false,
    "site": 5,
    "survey_date": "2015-01-26",
    "metered": false,
    "surveyor": [
      "surveyor"
    ],
    "protected": false,
    "detector_serial_no": "",
    "service_type": 3,
    "additives_present": false,
    "aux_water": false,
    "notes": "",
    "special": null
  },
  "model": "webapp.survey",
  "pk": 1
},
{
  "fields": {
    "detector_manufacturer": "",
    "detector_model": "",
    "pump_present": false,
    "survey_type": 6,
    "cc_present": false,
    "site": 10,
    "survey_date": "2015-01-26",
    "metered": false,
    "surveyor": [
      "surveyor"
    ],
    "protected": false,
    "detector_serial_no": "",
    "service_type": 3,
    "additives_present": false,
    "aux_water": false,
    "notes": "",
    "special": null
  },
  "model": "webapp.survey",
  "pk": 2
},
{
  "fields": {
    "city": "root city",
    "fax": "",
    "certificate": null,
    "pws": null,
    "zip": "root zip",
    "phone2": "",
    "company": "root company",
    "phone1": "root phone",
    "state": "AK",
    "user": [
      "root"
    ],
    "address": "root address"
  },
  "model": "webapp.employee",
  "pk": 1
},
{
  "fields": {
    "city": "tester city",
    "fax": "",
    "certificate": null,
    "pws": null,
    "zip": "tester zip",
    "phone2": "",
    "company": "tester company",
    "phone1": "tester phone",
    "state": "AL",
    "user": [
      "tester"
    ],
    "address": "tester address"
  },
  "model": "webapp.employee",
  "pk": 2
},
{
  "fields": {
    "city": "surveyor city",
    "fax": "",
    "certificate": null,
    "pws": 9,
    "zip": "survey zip",
    "phone2": "",
    "company": "surveyor company",
    "phone1": "surveyor phone",
    "state": "AR",
    "user": [
      "surveyor"
    ],
    "address": "surveyor address"
  },
  "model": "webapp.employee",
  "pk": 3
},
{
  "fields": {
    "city": "admin city",
    "fax": "",
    "certificate": null,
    "pws": 9,
    "zip": "admin zip",
    "phone2": "",
    "company": "admin company",
    "phone1": "admin phone",
    "state": "KY",
    "user": [
      "admin"
    ],
    "address": "admin address"
  },
  "model": "webapp.employee",
  "pk": 4
},
{
  "fields": {
    "city": "superadmin city",
    "fax": "",
    "certificate": null,
    "pws": null,
    "zip": "supadm zip",
    "phone2": "",
    "company": "superadmin company",
    "phone1": "superadmin phone",
    "state": "CO",
    "user": [
      "superadmin"
    ],
    "address": "superadmin address"
  },
  "model": "webapp.employee",
  "pk": 5
},
{
  "fields": {
    "city": "",
    "fax": "",
    "certificate": "",
    "pws": null,
    "zip": "",
    "phone2": "",
    "company": "",
    "phone1": "",
    "state": null,
    "user": [
      "newuser"
    ],
    "address": ""
  },
  "model": "webapp.employee",
  "pk": 8
}
]
