[
{
  "fields": {
    "source_type": "Public Water Supply and Private Well"
  },
  "model": "webapp.sourcetype",
  "pk": 1
},
{
  "fields": {
    "source_type": "Private Well"
  },
  "model": "webapp.sourcetype",
  "pk": 2
},
{
  "fields": {
    "source_type": "Public Water Supply"
  },
  "model": "webapp.sourcetype",
  "pk": 3
},
{
  "fields": {
    "source_type": "Public Water Supply and Pond, Stream, Bay, etc"
  },
  "model": "webapp.sourcetype",
  "pk": 4
},
{
  "fields": {
    "site_type": "School"
  },
  "model": "webapp.sitetype",
  "pk": 1
},
{
  "fields": {
    "site_type": "Irrigation"
  },
  "model": "webapp.sitetype",
  "pk": 2
},
{
  "fields": {
    "site_type": "Multi-family"
  },
  "model": "webapp.sitetype",
  "pk": 3
},
{
  "fields": {
    "site_type": "Offices"
  },
  "model": "webapp.sitetype",
  "pk": 4
},
{
  "fields": {
    "site_type": "Pest Exterminator"
  },
  "model": "webapp.sitetype",
  "pk": 5
},
{
  "fields": {
    "site_type": "Pharmacy"
  },
  "model": "webapp.sitetype",
  "pk": 6
},
{
  "fields": {
    "site_type": "Pool"
  },
  "model": "webapp.sitetype",
  "pk": 7
},
{
  "fields": {
    "site_type": "Realtor"
  },
  "model": "webapp.sitetype",
  "pk": 8
},
{
  "fields": {
    "site_type": "Restaurant"
  },
  "model": "webapp.sitetype",
  "pk": 9
},
{
  "fields": {
    "site_type": "Mortuary"
  },
  "model": "webapp.sitetype",
  "pk": 10
},
{
  "fields": {
    "site_type": "Retirement Home"
  },
  "model": "webapp.sitetype",
  "pk": 11
},
{
  "fields": {
    "site_type": "Medical"
  },
  "model": "webapp.sitetype",
  "pk": 12
},
{
  "fields": {
    "site_type": "Storage Facility"
  },
  "model": "webapp.sitetype",
  "pk": 13
},
{
  "fields": {
    "site_type": "Video Rental"
  },
  "model": "webapp.sitetype",
  "pk": 14
},
{
  "fields": {
    "site_type": "Church"
  },
  "model": "webapp.sitetype",
  "pk": 15
},
{
  "fields": {
    "site_type": "Catering"
  },
  "model": "webapp.sitetype",
  "pk": 16
},
{
  "fields": {
    "site_type": "Chiropractic"
  },
  "model": "webapp.sitetype",
  "pk": 17
},
{
  "fields": {
    "site_type": "Car Wash"
  },
  "model": "webapp.sitetype",
  "pk": 18
},
{
  "fields": {
    "site_type": "Business Office"
  },
  "model": "webapp.sitetype",
  "pk": 19
},
{
  "fields": {
    "site_type": "Beauty Salon / Barber"
  },
  "model": "webapp.sitetype",
  "pk": 20
},
{
  "fields": {
    "site_type": "Retail"
  },
  "model": "webapp.sitetype",
  "pk": 21
},
{
  "fields": {
    "site_type": "Home Owners Association"
  },
  "model": "webapp.sitetype",
  "pk": 22
},
{
  "fields": {
    "site_type": "Dialysis Clinic"
  },
  "model": "webapp.sitetype",
  "pk": 23
},
{
  "fields": {
    "site_type": "Doctors Office"
  },
  "model": "webapp.sitetype",
  "pk": 24
},
{
  "fields": {
    "site_type": "Dry Cleaners"
  },
  "model": "webapp.sitetype",
  "pk": 25
},
{
  "fields": {
    "site_type": "Fast Food"
  },
  "model": "webapp.sitetype",
  "pk": 26
},
{
  "fields": {
    "site_type": "Fireline"
  },
  "model": "webapp.sitetype",
  "pk": 27
},
{
  "fields": {
    "site_type": "Food Processing"
  },
  "model": "webapp.sitetype",
  "pk": 28
},
{
  "fields": {
    "site_type": "Office W/ Washerteria"
  },
  "model": "webapp.sitetype",
  "pk": 29
},
{
  "fields": {
    "site_type": "Gas Station"
  },
  "model": "webapp.sitetype",
  "pk": 30
},
{
  "fields": {
    "site_type": "Governmental"
  },
  "model": "webapp.sitetype",
  "pk": 31
},
{
  "fields": {
    "site_type": "Motels/Hotels"
  },
  "model": "webapp.sitetype",
  "pk": 32
},
{
  "fields": {
    "site_type": "Health Club"
  },
  "model": "webapp.sitetype",
  "pk": 33
},
{
  "fields": {
    "site_type": "Department Store"
  },
  "model": "webapp.sitetype",
  "pk": 34
},
{
  "fields": {
    "site_type": "Industrial"
  },
  "model": "webapp.sitetype",
  "pk": 35
},
{
  "fields": {
    "site_type": "Dentist"
  },
  "model": "webapp.sitetype",
  "pk": 36
},
{
  "fields": {
    "site_type": "Convenience"
  },
  "model": "webapp.sitetype",
  "pk": 37
},
{
  "fields": {
    "site_type": "Residential"
  },
  "model": "webapp.sitetype",
  "pk": 38
},
{
  "fields": {
    "site_type": "Commercial"
  },
  "model": "webapp.sitetype",
  "pk": 39
},
{
  "fields": {
    "site_type": "Bar and Grill"
  },
  "model": "webapp.sitetype",
  "pk": 40
},
{
  "fields": {
    "site_type": "Irrigation and pool"
  },
  "model": "webapp.sitetype",
  "pk": 41
},
{
  "fields": {
    "site_type": "Laundromat"
  },
  "model": "webapp.sitetype",
  "pk": 42
},
{
  "fields": {
    "site_type": "Grocery/Supermarket"
  },
  "model": "webapp.sitetype",
  "pk": 43
},
{
  "fields": {
    "site_type": "Auxiliary Water"
  },
  "model": "webapp.sitetype",
  "pk": 44
},
{
  "fields": {
    "site_type": "Animal Hospital / Veterinarian"
  },
  "model": "webapp.sitetype",
  "pk": 45
},
{
  "fields": {
    "site_type": "Doctors Office #1"
  },
  "model": "webapp.sitetype",
  "pk": 46
},
{
  "fields": {
    "site_type": "Dialysis Center"
  },
  "model": "webapp.sitetype",
  "pk": 47
},
{
  "fields": {
    "site_type": "Commercial Residence"
  },
  "model": "webapp.sitetype",
  "pk": 48
},
{
  "fields": {
    "site_type": "Commerc. Multi-ten"
  },
  "model": "webapp.sitetype",
  "pk": 49
},
{
  "fields": {
    "site_type": "Comm"
  },
  "model": "webapp.sitetype",
  "pk": 50
},
{
  "fields": {
    "site_type": "Carwash"
  },
  "model": "webapp.sitetype",
  "pk": 51
},
{
  "fields": {
    "site_type": "Beauty Shop"
  },
  "model": "webapp.sitetype",
  "pk": 52
},
{
  "fields": {
    "site_type": "Empty Lot"
  },
  "model": "webapp.sitetype",
  "pk": 53
},
{
  "fields": {
    "site_type": "Barber Shop"
  },
  "model": "webapp.sitetype",
  "pk": 54
},
{
  "fields": {
    "site_type": "Florist"
  },
  "model": "webapp.sitetype",
  "pk": 55
},
{
  "fields": {
    "site_type": "Automotive"
  },
  "model": "webapp.sitetype",
  "pk": 56
},
{
  "fields": {
    "site_type": "Assisted Living"
  },
  "model": "webapp.sitetype",
  "pk": 57
},
{
  "fields": {
    "site_type": "Apartments"
  },
  "model": "webapp.sitetype",
  "pk": 58
},
{
  "fields": {
    "site_type": "Resiedential"
  },
  "model": "webapp.sitetype",
  "pk": 59
},
{
  "fields": {
    "site_type": "Retail Store"
  },
  "model": "webapp.sitetype",
  "pk": 60
},
{
  "fields": {
    "site_type": "Salon"
  },
  "model": "webapp.sitetype",
  "pk": 61
},
{
  "fields": {
    "site_type": "Storage Building"
  },
  "model": "webapp.sitetype",
  "pk": 62
},
{
  "fields": {
    "site_type": "Veterinary Office"
  },
  "model": "webapp.sitetype",
  "pk": 63
},
{
  "fields": {
    "site_type": "Warehouse"
  },
  "model": "webapp.sitetype",
  "pk": 64
},
{
  "fields": {
    "site_type": "Beauty Salon"
  },
  "model": "webapp.sitetype",
  "pk": 65
},
{
  "fields": {
    "site_type": "No Address"
  },
  "model": "webapp.sitetype",
  "pk": 66
},
{
  "fields": {
    "site_type": "Auto Repair"
  },
  "model": "webapp.sitetype",
  "pk": 67
},
{
  "fields": {
    "site_type": "Child/Day Care/Nursery"
  },
  "model": "webapp.sitetype",
  "pk": 68
},
{
  "fields": {
    "site_type": "Agricultural"
  },
  "model": "webapp.sitetype",
  "pk": 69
},
{
  "fields": {
    "site_type": "Recreation"
  },
  "model": "webapp.sitetype",
  "pk": 70
},
{
  "fields": {
    "site_type": "Processing Facility"
  },
  "model": "webapp.sitetype",
  "pk": 71
},
{
  "fields": {
    "site_type": "Potable/recreation"
  },
  "model": "webapp.sitetype",
  "pk": 72
},
{
  "fields": {
    "site_type": "Potable"
  },
  "model": "webapp.sitetype",
  "pk": 73
},
{
  "fields": {
    "site_type": "Doctors Office #2"
  },
  "model": "webapp.sitetype",
  "pk": 74
},
{
  "fields": {
    "site_type": "Office"
  },
  "model": "webapp.sitetype",
  "pk": 75
},
{
  "fields": {
    "site_type": "Bank"
  },
  "model": "webapp.sitetype",
  "pk": 76
},
{
  "fields": {
    "site_type": "Motel"
  },
  "model": "webapp.sitetype",
  "pk": 77
},
{
  "fields": {
    "site_type": "Jail/ Governmental"
  },
  "model": "webapp.sitetype",
  "pk": 78
},
{
  "fields": {
    "site_type": "Ice Machine"
  },
  "model": "webapp.sitetype",
  "pk": 79
},
{
  "fields": {
    "site_type": "Hospital"
  },
  "model": "webapp.sitetype",
  "pk": 80
},
{
  "fields": {
    "site_type": "Home"
  },
  "model": "webapp.sitetype",
  "pk": 81
},
{
  "fields": {
    "site_type": "Health Unit"
  },
  "model": "webapp.sitetype",
  "pk": 82
},
{
  "fields": {
    "site_type": "Grocery Store"
  },
  "model": "webapp.sitetype",
  "pk": 83
},
{
  "fields": {
    "site_type": "Funeral Home"
  },
  "model": "webapp.sitetype",
  "pk": 84
},
{
  "fields": {
    "site_type": "Fraternal Hall"
  },
  "model": "webapp.sitetype",
  "pk": 85
},
{
  "fields": {
    "site_use": "Commercial"
  },
  "model": "webapp.siteuse",
  "pk": 1
},
{
  "fields": {
    "site_use": "Farming"
  },
  "model": "webapp.siteuse",
  "pk": 3
},
{
  "fields": {
    "site_use": "Governmental"
  },
  "model": "webapp.siteuse",
  "pk": 4
},
{
  "fields": {
    "site_use": "Industrial"
  },
  "model": "webapp.siteuse",
  "pk": 5
},
{
  "fields": {
    "site_use": "Multi-Family"
  },
  "model": "webapp.siteuse",
  "pk": 6
},
{
  "fields": {
    "site_use": "Residental"
  },
  "model": "webapp.siteuse",
  "pk": 7
},
{
  "fields": {
    "site_use": "Agricultural"
  },
  "model": "webapp.siteuse",
  "pk": 8
},
{
  "fields": {
    "site_use": "Commercial Multi-tenant"
  },
  "model": "webapp.siteuse",
  "pk": 9
},
{
  "fields": {
    "service_type": "fire"
  },
  "model": "webapp.servicetype",
  "pk": 2
},
{
  "fields": {
    "service_type": "potable"
  },
  "model": "webapp.servicetype",
  "pk": 3
},
{
  "fields": {
    "service_type": "irrigation"
  },
  "model": "webapp.servicetype",
  "pk": 4
},
{
  "fields": {
    "survey_type": "Initial"
  },
  "model": "webapp.surveytype",
  "pk": 2
},
{
  "fields": {
    "survey_type": "Drive-by"
  },
  "model": "webapp.surveytype",
  "pk": 3
},
{
  "fields": {
    "survey_type": "Initial/Drive-by"
  },
  "model": "webapp.surveytype",
  "pk": 4
},
{
  "fields": {
    "survey_type": "Follow-up"
  },
  "model": "webapp.surveytype",
  "pk": 5
},
{
  "fields": {
    "survey_type": "Annual"
  },
  "model": "webapp.surveytype",
  "pk": 6
},
{
  "fields": {
    "bp_type": "RP"
  },
  "model": "webapp.bptype",
  "pk": 1
},
{
  "fields": {
    "bp_type": "RPDA"
  },
  "model": "webapp.bptype",
  "pk": 2
},
{
  "fields": {
    "bp_type": "HBVB"
  },
  "model": "webapp.bptype",
  "pk": 3
},
{
  "fields": {
    "bp_type": "DCDA"
  },
  "model": "webapp.bptype",
  "pk": 4
},
{
  "fields": {
    "bp_type": "Air Gap"
  },
  "model": "webapp.bptype",
  "pk": 5
},
{
  "fields": {
    "bp_type": "PVB"
  },
  "model": "webapp.bptype",
  "pk": 6
},
{
  "fields": {
    "bp_type": "AVB"
  },
  "model": "webapp.bptype",
  "pk": 7
},
{
  "fields": {
    "bp_type": "DC"
  },
  "model": "webapp.bptype",
  "pk": 8
},
{
  "fields": {
    "bp_size": "3/4\""
  },
  "model": "webapp.bpsize",
  "pk": 1
},
{
  "fields": {
    "bp_size": "5/8\""
  },
  "model": "webapp.bpsize",
  "pk": 2
},
{
  "fields": {
    "bp_size": "1\""
  },
  "model": "webapp.bpsize",
  "pk": 3
},
{
  "fields": {
    "bp_size": "1.5\""
  },
  "model": "webapp.bpsize",
  "pk": 4
},
{
  "fields": {
    "bp_size": "2\""
  },
  "model": "webapp.bpsize",
  "pk": 5
},
{
  "fields": {
    "bp_size": "2.5\""
  },
  "model": "webapp.bpsize",
  "pk": 6
},
{
  "fields": {
    "bp_size": "3\""
  },
  "model": "webapp.bpsize",
  "pk": 7
},
{
  "fields": {
    "bp_size": "4\""
  },
  "model": "webapp.bpsize",
  "pk": 8
},
{
  "fields": {
    "bp_size": "5\""
  },
  "model": "webapp.bpsize",
  "pk": 9
},
{
  "fields": {
    "bp_size": "6\""
  },
  "model": "webapp.bpsize",
  "pk": 10
},
{
  "fields": {
    "bp_size": "8\""
  },
  "model": "webapp.bpsize",
  "pk": 11
},
{
  "fields": {
    "bp_size": "9\""
  },
  "model": "webapp.bpsize",
  "pk": 12
},
{
  "fields": {
    "bp_size": "10\""
  },
  "model": "webapp.bpsize",
  "pk": 13
},
{
  "fields": {
    "bp_size": "12\""
  },
  "model": "webapp.bpsize",
  "pk": 14
},
{
  "fields": {
    "bp_size": "14\""
  },
  "model": "webapp.bpsize",
  "pk": 15
},
{
  "fields": {
    "bp_size": "16\""
  },
  "model": "webapp.bpsize",
  "pk": 16
},
{
  "fields": {
    "bp_manufacturer": "Ames"
  },
  "model": "webapp.bpmanufacturer",
  "pk": 1
},
{
  "fields": {
    "bp_manufacturer": "Wilkins"
  },
  "model": "webapp.bpmanufacturer",
  "pk": 2
},
{
  "fields": {
    "bp_manufacturer": "Watts"
  },
  "model": "webapp.bpmanufacturer",
  "pk": 3
},
{
  "fields": {
    "bp_manufacturer": "Conbraco"
  },
  "model": "webapp.bpmanufacturer",
  "pk": 4
},
{
  "fields": {
    "bp_manufacturer": "Febco"
  },
  "model": "webapp.bpmanufacturer",
  "pk": 5
},
{
  "fields": {
    "bp_manufacturer": "Hersey"
  },
  "model": "webapp.bpmanufacturer",
  "pk": 6
},
{
  "fields": {
    "customer_code": "Residental"
  },
  "model": "webapp.customercode",
  "pk": 1
},
{
  "fields": {
    "customer_code": "Governmental"
  },
  "model": "webapp.customercode",
  "pk": 2
},
{
  "fields": {
    "customer_code": "Commercial"
  },
  "model": "webapp.customercode",
  "pk": 3
},
{
  "fields": {
    "customer_code": "Industrial"
  },
  "model": "webapp.customercode",
  "pk": 4
},
{
  "fields": {
    "customer_code": "Trailer Park"
  },
  "model": "webapp.customercode",
  "pk": 5
},
{
  "fields": {
    "customer_code": "Multifamily"
  },
  "model": "webapp.customercode",
  "pk": 6
},
{
  "fields": {
    "customer_code": "Irrigation"
  },
  "model": "webapp.customercode",
  "pk": 7
},
{
  "fields": {
    "customer_code": "Fire"
  },
  "model": "webapp.customercode",
  "pk": 8
},
{
  "fields": {
    "customer_code": "Other"
  },
  "model": "webapp.customercode",
  "pk": 9
},
{
  "fields": {
    "customer_code": "Potable"
  },
  "model": "webapp.customercode",
  "pk": 10
},
{
  "fields": {
    "hazard_type": "Denied or Restricted Access"
  },
  "model": "webapp.hazardtype",
  "pk": 1
},
{
  "fields": {
    "hazard_type": "Irrigation System"
  },
  "model": "webapp.hazardtype",
  "pk": 2
},
{
  "fields": {
    "hazard_type": "Ice Maker"
  },
  "model": "webapp.hazardtype",
  "pk": 3
},
{
  "fields": {
    "hazard_type": "Hose Bibs"
  },
  "model": "webapp.hazardtype",
  "pk": 4
},
{
  "fields": {
    "hazard_type": "Grease Trap"
  },
  "model": "webapp.hazardtype",
  "pk": 5
},
{
  "fields": {
    "hazard_type": "Garbage Disposal"
  },
  "model": "webapp.hazardtype",
  "pk": 6
},
{
  "fields": {
    "hazard_type": "Mop Sink"
  },
  "model": "webapp.hazardtype",
  "pk": 7
},
{
  "fields": {
    "hazard_type": "Exterminator"
  },
  "model": "webapp.hazardtype",
  "pk": 8
},
{
  "fields": {
    "hazard_type": "Recreation Grounds"
  },
  "model": "webapp.hazardtype",
  "pk": 9
},
{
  "fields": {
    "hazard_type": "Equipment Repair"
  },
  "model": "webapp.hazardtype",
  "pk": 10
},
{
  "fields": {
    "hazard_type": "Landscape Nursery"
  },
  "model": "webapp.hazardtype",
  "pk": 11
},
{
  "fields": {
    "hazard_type": "Nursery"
  },
  "model": "webapp.hazardtype",
  "pk": 12
},
{
  "fields": {
    "hazard_type": "Garbage Can Washer"
  },
  "model": "webapp.hazardtype",
  "pk": 13
},
{
  "fields": {
    "hazard_type": "Trailer Park"
  },
  "model": "webapp.hazardtype",
  "pk": 14
},
{
  "fields": {
    "hazard_type": "Beauty Salon"
  },
  "model": "webapp.hazardtype",
  "pk": 15
},
{
  "fields": {
    "hazard_type": "Industrial Fluids"
  },
  "model": "webapp.hazardtype",
  "pk": 16
},
{
  "fields": {
    "hazard_type": "Irrigation and Pool"
  },
  "model": "webapp.hazardtype",
  "pk": 17
},
{
  "fields": {
    "hazard_type": "Auto Repair"
  },
  "model": "webapp.hazardtype",
  "pk": 18
},
{
  "fields": {
    "hazard_type": "Caterer"
  },
  "model": "webapp.hazardtype",
  "pk": 19
},
{
  "fields": {
    "hazard_type": "NHP"
  },
  "model": "webapp.hazardtype",
  "pk": 20
},
{
  "fields": {
    "hazard_type": "Farm"
  },
  "model": "webapp.hazardtype",
  "pk": 21
},
{
  "fields": {
    "hazard_type": "Agriculture"
  },
  "model": "webapp.hazardtype",
  "pk": 22
},
{
  "fields": {
    "hazard_type": "Dialysis Center"
  },
  "model": "webapp.hazardtype",
  "pk": 23
},
{
  "fields": {
    "hazard_type": "Funeral Home"
  },
  "model": "webapp.hazardtype",
  "pk": 24
},
{
  "fields": {
    "hazard_type": "Hospital"
  },
  "model": "webapp.hazardtype",
  "pk": 25
},
{
  "fields": {
    "hazard_type": "Motel"
  },
  "model": "webapp.hazardtype",
  "pk": 26
},
{
  "fields": {
    "hazard_type": "No Address"
  },
  "model": "webapp.hazardtype",
  "pk": 27
},
{
  "fields": {
    "hazard_type": "Fire Sprinkler System"
  },
  "model": "webapp.hazardtype",
  "pk": 28
},
{
  "fields": {
    "hazard_type": "De-ionized Water System"
  },
  "model": "webapp.hazardtype",
  "pk": 29
},
{
  "fields": {
    "hazard_type": "Chiller System"
  },
  "model": "webapp.hazardtype",
  "pk": 30
},
{
  "fields": {
    "hazard_type": "Coffee Urn"
  },
  "model": "webapp.hazardtype",
  "pk": 31
},
{
  "fields": {
    "hazard_type": "Compressors, Water Cooled"
  },
  "model": "webapp.hazardtype",
  "pk": 32
},
{
  "fields": {
    "hazard_type": "Condenser"
  },
  "model": "webapp.hazardtype",
  "pk": 33
},
{
  "fields": {
    "hazard_type": "Cooking Kettle"
  },
  "model": "webapp.hazardtype",
  "pk": 34
},
{
  "fields": {
    "hazard_type": "Fountain, Ornamental"
  },
  "model": "webapp.hazardtype",
  "pk": 35
},
{
  "fields": {
    "hazard_type": "Degreasing Equipment"
  },
  "model": "webapp.hazardtype",
  "pk": 36
},
{
  "fields": {
    "hazard_type": "Bedpan Washer"
  },
  "model": "webapp.hazardtype",
  "pk": 37
},
{
  "fields": {
    "hazard_type": "Dental Cuspidor (Spit Sink)"
  },
  "model": "webapp.hazardtype",
  "pk": 38
},
{
  "fields": {
    "hazard_type": "Jail/Prison"
  },
  "model": "webapp.hazardtype",
  "pk": 39
},
{
  "fields": {
    "hazard_type": "Digester"
  },
  "model": "webapp.hazardtype",
  "pk": 40
},
{
  "fields": {
    "hazard_type": "Dishwasher"
  },
  "model": "webapp.hazardtype",
  "pk": 41
},
{
  "fields": {
    "hazard_type": "Distillation Equipment"
  },
  "model": "webapp.hazardtype",
  "pk": 42
},
{
  "fields": {
    "hazard_type": "Dye Vats"
  },
  "model": "webapp.hazardtype",
  "pk": 43
},
{
  "fields": {
    "hazard_type": "Cooling Tower"
  },
  "model": "webapp.hazardtype",
  "pk": 44
},
{
  "fields": {
    "hazard_type": "Fireline"
  },
  "model": "webapp.hazardtype",
  "pk": 45
},
{
  "fields": {
    "hazard_type": "Video Rental"
  },
  "model": "webapp.hazardtype",
  "pk": 46
},
{
  "fields": {
    "hazard_type": "Fertilizer Injector"
  },
  "model": "webapp.hazardtype",
  "pk": 47
},
{
  "fields": {
    "hazard_type": "Fermentation Tank"
  },
  "model": "webapp.hazardtype",
  "pk": 48
},
{
  "fields": {
    "hazard_type": "Child Care Facility"
  },
  "model": "webapp.hazardtype",
  "pk": 49
},
{
  "fields": {
    "hazard_type": "Group Home"
  },
  "model": "webapp.hazardtype",
  "pk": 50
},
{
  "fields": {
    "hazard_type": "Fraternal Hall"
  },
  "model": "webapp.hazardtype",
  "pk": 51
},
{
  "fields": {
    "hazard_type": "Bottle Washer"
  },
  "model": "webapp.hazardtype",
  "pk": 52
},
{
  "fields": {
    "hazard_type": "Office"
  },
  "model": "webapp.hazardtype",
  "pk": 53
},
{
  "fields": {
    "hazard_type": "Boiler Feed Line"
  },
  "model": "webapp.hazardtype",
  "pk": 54
},
{
  "fields": {
    "hazard_type": "Aspirator"
  },
  "model": "webapp.hazardtype",
  "pk": 55
},
{
  "fields": {
    "hazard_type": "Autopsy Table"
  },
  "model": "webapp.hazardtype",
  "pk": 56
},
{
  "fields": {
    "hazard_type": "Auxiliary Water System (Well)"
  },
  "model": "webapp.hazardtype",
  "pk": 57
},
{
  "fields": {
    "hazard_type": "Auxiliary Water System (Surf. Water)"
  },
  "model": "webapp.hazardtype",
  "pk": 58
},
{
  "fields": {
    "hazard_type": "Baptismal Font"
  },
  "model": "webapp.hazardtype",
  "pk": 59
},
{
  "fields": {
    "hazard_type": "Solar System"
  },
  "model": "webapp.hazardtype",
  "pk": 60
},
{
  "fields": {
    "hazard_type": "Veterinarian"
  },
  "model": "webapp.hazardtype",
  "pk": 61
},
{
  "fields": {
    "hazard_type": "Church Rec Center"
  },
  "model": "webapp.hazardtype",
  "pk": 62
},
{
  "fields": {
    "hazard_type": "Overhead Spray Hose"
  },
  "model": "webapp.hazardtype",
  "pk": 63
},
{
  "fields": {
    "hazard_type": "Nursing Home"
  },
  "model": "webapp.hazardtype",
  "pk": 64
},
{
  "fields": {
    "hazard_type": "Vacant"
  },
  "model": "webapp.hazardtype",
  "pk": 65
},
{
  "fields": {
    "hazard_type": "Medical Facility"
  },
  "model": "webapp.hazardtype",
  "pk": 66
},
{
  "fields": {
    "hazard_type": "Mechanic Shop"
  },
  "model": "webapp.hazardtype",
  "pk": 67
},
{
  "fields": {
    "hazard_type": "Convenience Store"
  },
  "model": "webapp.hazardtype",
  "pk": 68
},
{
  "fields": {
    "hazard_type": "Sewer Plant"
  },
  "model": "webapp.hazardtype",
  "pk": 69
},
{
  "fields": {
    "hazard_type": "Commercial Multi-tenant"
  },
  "model": "webapp.hazardtype",
  "pk": 70
},
{
  "fields": {
    "hazard_type": "Laundromat"
  },
  "model": "webapp.hazardtype",
  "pk": 71
},
{
  "fields": {
    "hazard_type": "Chiropractor/Health Clinic"
  },
  "model": "webapp.hazardtype",
  "pk": 72
},
{
  "fields": {
    "hazard_type": "Autoclaves"
  },
  "model": "webapp.hazardtype",
  "pk": 73
},
{
  "fields": {
    "hazard_type": "Starch Tanks"
  },
  "model": "webapp.hazardtype",
  "pk": 74
},
{
  "fields": {
    "hazard_type": "Steam Cleaner"
  },
  "model": "webapp.hazardtype",
  "pk": 75
},
{
  "fields": {
    "hazard_type": "Steam Table"
  },
  "model": "webapp.hazardtype",
  "pk": 76
},
{
  "fields": {
    "hazard_type": "Product Manufacturing"
  },
  "model": "webapp.hazardtype",
  "pk": 77
},
{
  "fields": {
    "hazard_type": "Water Softener"
  },
  "model": "webapp.hazardtype",
  "pk": 78
},
{
  "fields": {
    "hazard_type": "Deli/bakery"
  },
  "model": "webapp.hazardtype",
  "pk": 79
},
{
  "fields": {
    "hazard_type": "Frost proof HB"
  },
  "model": "webapp.hazardtype",
  "pk": 80
},
{
  "fields": {
    "hazard_type": "Assisted Living"
  },
  "model": "webapp.hazardtype",
  "pk": 81
},
{
  "fields": {
    "hazard_type": "Governmental"
  },
  "model": "webapp.hazardtype",
  "pk": 82
},
{
  "fields": {
    "hazard_type": "Pool"
  },
  "model": "webapp.hazardtype",
  "pk": 83
},
{
  "fields": {
    "hazard_type": "Bar and Grill"
  },
  "model": "webapp.hazardtype",
  "pk": 84
},
{
  "fields": {
    "hazard_type": "Bank"
  },
  "model": "webapp.hazardtype",
  "pk": 85
},
{
  "fields": {
    "hazard_type": "Car Wash"
  },
  "model": "webapp.hazardtype",
  "pk": 86
},
{
  "fields": {
    "hazard_type": "Recreation Center"
  },
  "model": "webapp.hazardtype",
  "pk": 87
},
{
  "fields": {
    "hazard_type": "Lab Sink"
  },
  "model": "webapp.hazardtype",
  "pk": 88
},
{
  "fields": {
    "hazard_type": "Welder, Water Cooled"
  },
  "model": "webapp.hazardtype",
  "pk": 89
},
{
  "fields": {
    "hazard_type": "Bathrooms"
  },
  "model": "webapp.hazardtype",
  "pk": 90
},
{
  "fields": {
    "hazard_type": "Water tower"
  },
  "model": "webapp.hazardtype",
  "pk": 91
},
{
  "fields": {
    "hazard_type": "Steam line"
  },
  "model": "webapp.hazardtype",
  "pk": 92
},
{
  "fields": {
    "hazard_type": "Restrooms"
  },
  "model": "webapp.hazardtype",
  "pk": 93
},
{
  "fields": {
    "hazard_type": "Processing"
  },
  "model": "webapp.hazardtype",
  "pk": 94
},
{
  "fields": {
    "hazard_type": "Eye wash shower"
  },
  "model": "webapp.hazardtype",
  "pk": 95
},
{
  "fields": {
    "hazard_type": "Breakroom"
  },
  "model": "webapp.hazardtype",
  "pk": 96
},
{
  "fields": {
    "hazard_type": "Dry Cleaners"
  },
  "model": "webapp.hazardtype",
  "pk": 97
},
{
  "fields": {
    "hazard_type": "Pressure Cooker"
  },
  "model": "webapp.hazardtype",
  "pk": 98
},
{
  "fields": {
    "hazard_type": "X-Ray Equipment"
  },
  "model": "webapp.hazardtype",
  "pk": 99
},
{
  "fields": {
    "hazard_type": "Storage Center"
  },
  "model": "webapp.hazardtype",
  "pk": 100
},
{
  "fields": {
    "hazard_type": "Sterilizing Equipment"
  },
  "model": "webapp.hazardtype",
  "pk": 101
},
{
  "fields": {
    "hazard_type": "Irrigation"
  },
  "model": "webapp.hazardtype",
  "pk": 102
},
{
  "fields": {
    "hazard_type": "Auxiliary Water"
  },
  "model": "webapp.hazardtype",
  "pk": 103
},
{
  "fields": {
    "hazard_type": "Home Owners Association"
  },
  "model": "webapp.hazardtype",
  "pk": 104
},
{
  "fields": {
    "hazard_type": "Radiator Flushing Equipment"
  },
  "model": "webapp.hazardtype",
  "pk": 105
},
{
  "fields": {
    "hazard_type": "Multi-Family"
  },
  "model": "webapp.hazardtype",
  "pk": 106
},
{
  "fields": {
    "hazard_type": "Potato Peeler"
  },
  "model": "webapp.hazardtype",
  "pk": 107
},
{
  "fields": {
    "hazard_type": "Pipette Washer"
  },
  "model": "webapp.hazardtype",
  "pk": 108
},
{
  "fields": {
    "hazard_type": "Photostat Equipment"
  },
  "model": "webapp.hazardtype",
  "pk": 109
},
{
  "fields": {
    "hazard_type": "Photo Rinse Sinks"
  },
  "model": "webapp.hazardtype",
  "pk": 110
},
{
  "fields": {
    "hazard_type": "Photo Film Washer"
  },
  "model": "webapp.hazardtype",
  "pk": 111
},
{
  "fields": {
    "hazard_type": "Photo Developer (Automatic)"
  },
  "model": "webapp.hazardtype",
  "pk": 112
},
{
  "fields": {
    "hazard_type": "Barber Shop"
  },
  "model": "webapp.hazardtype",
  "pk": 113
},
{
  "fields": {
    "hazard_type": "Grocery Store"
  },
  "model": "webapp.hazardtype",
  "pk": 114
},
{
  "fields": {
    "hazard_type": "Food Processing"
  },
  "model": "webapp.hazardtype",
  "pk": 115
},
{
  "fields": {
    "hazard_type": "Pharmacy"
  },
  "model": "webapp.hazardtype",
  "pk": 116
},
{
  "fields": {
    "hazard_type": "Restaurant"
  },
  "model": "webapp.hazardtype",
  "pk": 117
},
{
  "fields": {
    "hazard_type": "Expansion Tank"
  },
  "model": "webapp.hazardtype",
  "pk": 118
},
{
  "fields": {
    "hazard_type": "Movie Theater"
  },
  "model": "webapp.hazardtype",
  "pk": 119
},
{
  "fields": {
    "hazard_type": "Retail"
  },
  "model": "webapp.hazardtype",
  "pk": 120
},
{
  "fields": {
    "hazard_type": "School"
  },
  "model": "webapp.hazardtype",
  "pk": 121
},
{
  "fields": {
    "hazard_type": "Industrial"
  },
  "model": "webapp.hazardtype",
  "pk": 122
},
{
  "fields": {
    "hazard_type": "Church"
  },
  "model": "webapp.hazardtype",
  "pk": 123
},
{
  "fields": {
    "hazard_type": "Doctors Office"
  },
  "model": "webapp.hazardtype",
  "pk": 124
},
{
  "fields": {
    "hazard_type": "Kitchenette"
  },
  "model": "webapp.hazardtype",
  "pk": 125
},
  {
  "fields": {
    "hazard_type": "Foaming Station"
  },
  "model": "webapp.hazardtype",
  "pk": 126
},
{
  "fields": {
    "test_manufacturer": "Wilkins"
  },
  "model": "webapp.testmanufacturer",
  "pk": 1
},
{
  "fields": {
    "test_manufacturer": "Midwest"
  },
  "model": "webapp.testmanufacturer",
  "pk": 2
},
{
  "fields": {
    "test_manufacturer": "Watts"
  },
  "model": "webapp.testmanufacturer",
  "pk": 3
},
{
  "fields": {
    "ic_point": "Yard"
  },
  "model": "webapp.icpointtype",
  "pk": 1
},
{
  "fields": {
    "ic_point": "Building"
  },
  "model": "webapp.icpointtype",
  "pk": 2
},
{
  "fields": {
    "assembly_location": "At Meter"
  },
  "model": "webapp.assemblylocation",
  "pk": 1
},
{
  "fields": {
    "assembly_location": "Internal"
  },
  "model": "webapp.assemblylocation",
  "pk": 2
},
{
  "fields": {
    "assembly_status": "Installed"
  },
  "model": "webapp.assemblystatus",
  "pk": 1
},
{
  "fields": {
    "assembly_status": "Replaced"
  },
  "model": "webapp.assemblystatus",
  "pk": 2
},
{
  "fields": {
    "assembly_status": "Due Install"
  },
  "model": "webapp.assemblystatus",
  "pk": 3
},
{
  "fields": {
    "assembly_status": "Due Replace"
  },
  "model": "webapp.assemblystatus",
  "pk": 4
},
{
  "fields": {
    "assembly_status": "Not Required"
  },
  "model": "webapp.assemblystatus",
  "pk": 5
},
{
  "fields": {
    "floors_count": "1"
  },
  "model": "webapp.floorscount",
  "pk": 1
},
{
  "fields": {
    "floors_count": "2"
  },
  "model": "webapp.floorscount",
  "pk": 2
},
{
  "fields": {
    "floors_count": "3 or more"
  },
  "model": "webapp.floorscount",
  "pk": 3
},
{
  "fields": {
    "special": "A"
  },
  "model": "webapp.special",
  "pk": 1
},
{
  "fields": {
    "special": "B"
  },
  "model": "webapp.special",
  "pk": 2
},
{
  "fields": {
    "special": "C"
  },
  "model": "webapp.special",
  "pk": 3
},
{
  "fields": {
    "special": "D"
  },
  "model": "webapp.special",
  "pk": 4
},
{
  "fields": {
    "special": "E"
  },
  "model": "webapp.special",
  "pk": 5
},
{
  "fields": {
    "orientation": "Horizontal"
  },
  "model": "webapp.orientation",
  "pk": 1
},
{
  "fields": {
    "orientation": "Vertical"
  },
  "model": "webapp.orientation",
  "pk": 2
},
{
  "fields": {
    "site_status": "Active"
  },
  "model": "webapp.sitestatus",
  "pk": 1
},
{
  "fields": {
    "site_status": "Suspended"
  },
  "model": "webapp.sitestatus",
  "pk": 2
},
{
  "fields": {
    "site_status": "Disconnected"
  },
  "model": "webapp.sitestatus",
  "pk": 3
},
{
  "fields": {
    "site_status": "Inactive"
  },
  "model": "webapp.sitestatus",
  "pk": 4
},
{
  "fields": {
    "city": "Second PWS city",
    "name": "Second PWS",
    "consultant_phone": null,
    "office_address": null,
    "price": "1.00",
    "plumber_packet_address": null,
    "consultant_name": null,
    "number": "PWS2",
    "logo": "",
    "water_source": 2,
    "notes": "Quisque lorem magna, tincidunt in tempor at, placerat ut augue. Duis mattis massa luctus dui blandit auctor. Donec erat tellus, varius at vulputate in, finibus quis lacus. Proin in dui sit amet ex dignissim molestie eget volutpat nibh. Proin vel iaculis l",
    "plumber_packet_location": null
  },
  "model": "webapp.pws",
  "pk": 1
},
{
  "fields": {
    "city": "First PWS city",
    "name": "First PWS",
    "consultant_phone": null,
    "office_address": null,
    "price": "2.00",
    "plumber_packet_address": null,
    "consultant_name": null,
    "number": "PWS1",
    "logo": "",
    "water_source": 1,
    "notes": "Lorem ipsum dolor sit amet, consectetur adipiscing elit. Ut id feugiat urna, in convallis dui. Fusce in luctus quam. In pellentesque porta nisi ut vulputate. Sed dignissim dolor felis, eget pellentesque dolor iaculis ut. Mauris at convallis odio. Mauris c",
    "plumber_packet_location": null
  },
  "model": "webapp.pws",
  "pk": 2
},
{
  "fields": {
    "city": "Third PWS city",
    "name": "Third PWS",
    "consultant_phone": null,
    "office_address": null,
    "price": "3.00",
    "plumber_packet_address": null,
    "consultant_name": null,
    "number": "PWS3",
    "logo": "",
    "water_source": 3,
    "notes": "This is test notes",
    "plumber_packet_location": null
  },
  "model": "webapp.pws",
  "pk": 3
},
{
  "fields": {
    "city": "Houston",
    "name": "Houston PWS",
    "consultant_phone": null,
    "office_address": null,
    "price": "4.00",
    "plumber_packet_address": null,
    "consultant_name": null,
    "number": "XOL852",
    "logo": "",
    "water_source": 3,
    "notes": "",
    "plumber_packet_location": null
  },
  "model": "webapp.pws",
  "pk": 4
},
{
  "fields": {
    "city": "Ancoridge",
    "name": "Alaska Central PWS",
    "consultant_phone": null,
    "office_address": null,
    "price": "5.00",
    "plumber_packet_address": null,
    "consultant_name": null,
    "number": "AL202",
    "logo": "",
    "water_source": 3,
    "notes": "",
    "plumber_packet_location": null
  },
  "model": "webapp.pws",
  "pk": 5
},
{
  "fields": {
    "city": "Washington",
    "name": "White House PWS",
    "consultant_phone": null,
    "office_address": null,
    "price": "6.00",
    "plumber_packet_address": null,
    "consultant_name": null,
    "number": "DOC121",
    "logo": "",
    "water_source": 3,
    "notes": "",
    "plumber_packet_location": null
  },
  "model": "webapp.pws",
  "pk": 6
},
{
  "fields": {
    "city": "Los Angeles",
    "name": "Los Angeles Beach System",
    "consultant_phone": null,
    "office_address": null,
    "price": "7.00",
    "plumber_packet_address": null,
    "consultant_name": null,
    "number": "LA200",
    "logo": "",
    "water_source": 2,
    "notes": "",
    "plumber_packet_location": null
  },
  "model": "webapp.pws",
  "pk": 7
},
{
  "fields": {
    "city": "Boston",
    "name": "MIT Public Water System",
    "consultant_phone": null,
    "office_address": null,
    "price": "8.00",
    "plumber_packet_address": null,
    "consultant_name": null,
    "number": "KSL12",
    "logo": "",
    "water_source": 2,
    "notes": "",
    "plumber_packet_location": null
  },
  "model": "webapp.pws",
  "pk": 8
},
{
  "fields": {
    "city": "Chikago",
    "name": "North USA PWS",
    "consultant_phone": "+1685231452",
    "office_address": null,
    "price": "9.00",
    "plumber_packet_address": null,
    "consultant_name": "Van der Veijden",
    "number": "NUI812",
    "logo": "",
    "water_source": 1,
    "notes": "",
    "plumber_packet_location": null
  },
  "model": "webapp.pws",
  "pk": 9
},
{
  "fields": {
    "city": "Seattle",
    "name": "South Western PWS",
    "consultant_phone": null,
    "office_address": null,
    "price": "10.00",
    "plumber_packet_address": null,
    "consultant_name": null,
    "number": "SW12",
    "logo": "",
    "water_source": 2,
    "notes": "",
    "plumber_packet_location": null
  },
  "model": "webapp.pws",
  "pk": 10
},
{
  "fields": {
    "header": "Backflow Prevention Services Notification",
    "letter_type": "Air Gap",
    "pws": null,
    "template": "<p>{PWSLogo}</p>\r\n\r\n<p><strong>{LetterDate}&nbsp;</strong></p>\r\n\r\n<table border=\"0\" cellpadding=\"1\" cellspacing=\"1\" style=\"height:122px; width:581px\">\r\n\t<tbody>\r\n\t\t<tr>\r\n\t\t\t<td>{CustomerName}</td>\r\n\t\t\t<td>Account No.: {AccountNumber}</td>\r\n\t\t</tr>\r\n\t\t<tr>\r\n\t\t\t<td>{CustomerAddress}</td>\r\n\t\t\t<td>Assembly: {AssemblyType}</td>\r\n\t\t</tr>\r\n\t\t<tr>\r\n\t\t\t<td>{CustomerCity}, {CustomerState}, {CustomerZip}</td>\r\n\t\t\t<td>Test Due Date: {DueDate}</td>\r\n\t\t</tr>\r\n\t</tbody>\r\n</table>\r\n\r\n<p>RE: Cross Connection Control and Backflow Prevention Program</p>\r\n\r\n<p>Service Address: {ServiceAddress}</p>\r\n\r\n<p>&nbsp;</p>\r\n\r\n<p>Dear Customer,</p>\r\n\r\n<p>The City of {ServiceCity}, under the direction of the Louisiana Department of Health and Hospitals (DHH), has developed a Cross Connection Control and Backflow Prevention Program. This program was developed to minimize the impact of potential contaminants from entering the potable water supply. As such, part of the plan is to insure that customers with auxiliary water, such as ponds, fountains, etc., on their property fill these vessels using an air gap. The easiest way to accomplish this task is to securing the end of the filling hose to a permanent fixture above the flood level rim of the vessel and let water flow through the air into the vessel. This is a requirement of DHH.</p>\r\n\r\n<p>Should the customer be found not complying with this agreement, then the City of {ServiceCity} will require that a reduced pressure backflow preventer be installed in accordance with DHH regulations. This plumbing device will have to be placed behind your water meter at significant cost to you should non-compliance become an issue. <u>If you are in agreement with the terms presented within this document, please sign at the designated place below and return this letter via email to {ContactEmail}.</u> <em>Failure to notify this office of your agreement to this condition will be considered nonresponsive and therefore necessitate the installation of a backflow preventer.</em></p>\r\n\r\n<p>Thank you in advance for your cooperation and assistance in this matter.&nbsp; Should you have any questions, please feel free to contact our consultant, Backflow Prevention Services LLC, at {ContactEmail}.</p>\r\n\r\n<p>Sincerely,</p>\r\n\r\n<p>&nbsp;</p>\r\n\r\n<p>Public Works Director</p>\r\n\r\n<p>&nbsp;</p>\r\n\r\n<p>I, _______________________________________, agree to maintain an air gap when filling my vessel and agree that a backflow preventer will be required should I not comply with these filling requirements.</p>\r\n\r\n<div>&nbsp;</div>\r\n\r\n<table border=\"0\" cellpadding=\"1\" cellspacing=\"1\" style=\"width:500px\">\r\n\t<tbody>\r\n\t\t<tr>\r\n\t\t\t<td>Customer:</td>\r\n\t\t\t<td>&nbsp;Date:</td>\r\n\t\t</tr>\r\n\t\t<tr>\r\n\t\t\t<td>_______________________________________</td>\r\n\t\t\t<td>&nbsp;______________</td>\r\n\t\t</tr>\r\n\t</tbody>\r\n</table>\r"
  },
  "model": "webapp.lettertype",
  "pk": 1
},
{
  "fields": {
    "header": "Backflow Prevention Services Notification",
    "letter_type": "Pool",
    "pws": null,
    "template": "<p>{PWSLogo}</p>\r\n\r\n<p><strong>{LetterDate}&nbsp;</strong></p>\r\n\r\n<table border=\"0\" cellpadding=\"1\" cellspacing=\"1\" style=\"height:122px; width:581px\">\r\n\t<tbody>\r\n\t\t<tr>\r\n\t\t\t<td>{CustomerName}</td>\r\n\t\t\t<td>Account No.: {AccountNumber}</td>\r\n\t\t</tr>\r\n\t\t<tr>\r\n\t\t\t<td>{CustomerAddress}</td>\r\n\t\t\t<td>Assembly: {AssemblyType}</td>\r\n\t\t</tr>\r\n\t\t<tr>\r\n\t\t\t<td>{CustomerCity}, {CustomerState}, {CustomerZip}</td>\r\n\t\t\t<td>Test Due Date: {DueDate}</td>\r\n\t\t</tr>\r\n\t</tbody>\r\n</table>\r\n\r\n<p>RE: Cross Connection Control and Backflow Prevention Program</p>\r\n\r\n<p>Service Address: {ServiceAddress}</p>\r\n\r\n<p>&nbsp;</p>\r\n\r\n<p>Dear Customer,</p>\r\n\r\n<p>The City of {ServiceCity}, under the direction of the Louisiana Department of Health and Hospitals (DHH), has developed a Cross Connection Control and Backflow Prevention Program. This program was developed to minimize the impact of potential contaminants from entering the potable water supply. As such, part of the plan is to insure that customers with auxiliary water, such as ponds, fountains, etc., on their property fill these vessels using an air gap. The easiest way to accomplish this task is to securing the end of the filling hose to a permanent fixture above the flood level rim of the vessel and let water flow through the air into the vessel. This is a requirement of DHH.</p>\r\n\r\n<p>Should the customer be found not complying with this agreement, then the City of {ServiceCity} will require that a reduced pressure backflow preventer be installed in accordance with DHH regulations. This plumbing device will have to be placed behind your water meter at significant cost to you should non-compliance become an issue. <u>If you are in agreement with the terms presented within this document, please sign at the designated place below and return this letter via email to {ContactEmail}.</u> <em>Failure to notify this office of your agreement to this condition will be considered nonresponsive and therefore necessitate the installation of a backflow preventer.</em></p>\r\n\r\n<p>Thank you in advance for your cooperation and assistance in this matter.&nbsp; Should you have any questions, please feel free to contact our consultant, Backflow Prevention Services LLC, at {ContactEmail}.</p>\r\n\r\n<p>Sincerely,</p>\r\n\r\n<p>&nbsp;</p>\r\n\r\n<p>Public Works Director</p>\r\n\r\n<p>&nbsp;</p>\r\n\r\n<p>I, ______________________________________, agree to maintain an air gap when filling my swimming pool and agree that a backflow preventer will be required should I not comply with the pool filling requirements.</p>\r\n\r\n<div>&nbsp;</div>\r\n\r\n<table border=\"0\" cellpadding=\"1\" cellspacing=\"1\" style=\"width:500px\">\r\n\t<tbody>\r\n\t\t<tr>\r\n\t\t\t<td>Customer:</td>\r\n\t\t\t<td>&nbsp;Date:</td>\r\n\t\t</tr>\r\n\t\t<tr>\r\n\t\t\t<td>_______________________________________</td>\r\n\t\t\t<td>&nbsp;______________</td>\r\n\t\t</tr>\r\n\t</tbody>\r\n</table>"
  },
  "model": "webapp.lettertype",
  "pk": 2
},
{
  "fields": {
    "header": "Backflow Prevention Services Notification",
    "letter_type": "Due Install First",
    "pws": null,
    "template": "<p>{PWSLogo}</p>\r\n\r\n<p><strong>{LetterDate}&nbsp;</strong></p>\r\n\r\n<table border=\"0\" cellpadding=\"1\" cellspacing=\"1\" style=\"height:122px; width:581px\">\r\n\t<tbody>\r\n\t\t<tr>\r\n\t\t\t<td>{CustomerName}</td>\r\n\t\t\t<td>Account No.: {AccountNumber}</td>\r\n\t\t</tr>\r\n\t\t<tr>\r\n\t\t\t<td>{CustomerAddress}</td>\r\n\t\t\t<td>Assembly: {AssemblyType}</td>\r\n\t\t</tr>\r\n\t\t<tr>\r\n\t\t\t<td>{CustomerCity}, {CustomerState}, {CustomerZip}</td>\r\n\t\t\t<td>Test Due Date: {DueDate}</td>\r\n\t\t</tr>\r\n\t</tbody>\r\n</table>\r\n\r\n<p>RE: Cross Connection Control and Backflow Prevention Program</p>\r\n\r\n<p>Service Address: {ServiceAddress}</p>\r\n\r\n<p>&nbsp;</p>\r\n\r\n<p>Dear Customer,</p>\r\n\r\n<p>The City of {ServiceCity} is in the process of implementing a cross connection control and backflow prevention program in accordance with mandates established by the Louisiana Department of Health &amp; Hospitals (DHH).&nbsp; Part of the mandate establishes who is required to install a backflow preventer for the protection of the potable water supply system.&nbsp; In accordance with the minimum standards established by DHH, your account is required to have a backflow prevention assembly installed. <u>The assembly must be tested upon installation and annually thereafter.</u></p>\r\n\r\n<p>In accordance with state plumbing regulations, the assembly must be installed by a Master Plumber who has a Water Supply Protection Specialist (WSPS) endorsement on their license or a Journeyman Plumber with the WSPS endorsement working for a Master Plumber.&nbsp; For your convenience, we have attached a list of local plumbers possessing the WSPS endorsement.&nbsp; You may choose a plumber from this list or any state approved WSPS endorsed plumber.&nbsp; Per state regulations, the cost of the backflow preventer installation and testing must be borne by the<br />\r\ncustomer.</p>\r\n\r\n<p><em>Prior to the installation of the backflow preventer, please have your selected plumber pick up a &quot;Plumber&rsquo;s Packet for Backflow Preventer Installation&quot; from <u>{PlumberPacketLocation}</u> located at <u>{PlumberPacketAddress}</u>.</em></p>\r\n\r\n<p>As mentioned above, this is a state mandated program. <u>The only recourse the City has is to discontinue water service for non-compliant customers.</u>&nbsp; Please have the backflow preventer installed and tested by the above stated Test Due Date and email a copy of the test report to {ContactEmail}.&nbsp; In the event that the required backflow preventer is already installed, please email a copy of the test report to the email address provided.</p>\r\n\r\n<div>Thank you in advance for your cooperation and assistance in this matter.&nbsp; Should you have any questions, please feel free to contact our consultant, Backflow Prevention Services LLC, at {ContactEmail}.</div>\r\n\r\n<p>Sincerely,</p>\r\n\r\n<p>&nbsp;</p>\r\n\r\n<p>Public Works Director</p>\r\n\r\n<p>&nbsp;</p>\r\n\r\n<p>I, ______________________________________, agree to maintain an air gap when filling my vessel and agree that a backflow preventer will be required should I not comply with these filling requirements.</p>\r\n\r\n<div>&nbsp;</div>\r\n\r\n<table border=\"0\" cellpadding=\"1\" cellspacing=\"1\" style=\"width:500px\">\r\n\t<tbody>\r\n\t\t<tr>\r\n\t\t\t<td>Customer:</td>\r\n\t\t\t<td>&nbsp;Date:</td>\r\n\t\t</tr>\r\n\t\t<tr>\r\n\t\t\t<td>_______________________________________</td>\r\n\t\t\t<td>&nbsp;______________</td>\r\n\t\t</tr>\r\n\t</tbody>\r\n</table>"
  },
  "model": "webapp.lettertype",
  "pk": 3
},
{
  "fields": {
    "header": "Backflow Prevention Services Notification",
    "letter_type": "Annual Test First",
    "pws": null,
    "template": "<p>{PWSLogo}</p>\r\n\r\n<p><strong>{LetterDate}&nbsp;</strong></p>\r\n\r\n<table border=\"0\" cellpadding=\"1\" cellspacing=\"1\" style=\"height:122px; width:581px\">\r\n\t<tbody>\r\n\t\t<tr>\r\n\t\t\t<td>{CustomerName}</td>\r\n\t\t\t<td>Account No.: {AccountNumber}</td>\r\n\t\t</tr>\r\n\t\t<tr>\r\n\t\t\t<td>{CustomerAddress}</td>\r\n\t\t\t<td>Assembly: {AssemblyType}</td>\r\n\t\t</tr>\r\n\t\t<tr>\r\n\t\t\t<td>{CustomerCity}, {CustomerState}, {CustomerZip}</td>\r\n\t\t\t<td>Test Due Date: {DueDate}</td>\r\n\t\t</tr>\r\n\t</tbody>\r\n</table>\r\n\r\n<p>RE: Cross Connection Control and Backflow Prevention Program</p>\r\n\r\n<p>Service Address: {ServiceAddress}</p>\r\n\r\n<p>&nbsp;</p>\r\n\r\n<p>Dear Customer,</p>\r\n\r\n<p>In accordance with State regulations and the City of {ServiceCity} backflow prevention program, all backflow preventers must be tested annually.&nbsp; According to our records, it is now time for your backflow preventer to be tested.&nbsp; Only Water Supply Protection Specialist (WSPS) plumbers or DHH Approved General Testers can perform this task.&nbsp; For your convenience, we have attached a list of local testers previously approved by the City of {ServiceCity}.&nbsp; You may choose a tester from this list or any state approved tester.&nbsp; However, the selected tester not on the previously approved list must obtain a Plumbers Packet from City Hall located at {PlumberPacketAddress} prior to performing the test.</p>\r\n\r\n<p>Please have the backflow preventer tested by the above stated Test Due Date and send a copy of the test report to {ContactEmail}.</p>\r\n\r\n<div>Thank you in advance for your cooperation and assistance in this matter.&nbsp; Should you have any questions, please feel free to contact our consultant, Backflow Prevention Services LLC, at {ContactEmail}.</div>\r\n\r\n<p>Sincerely,</p>\r\n\r\n<p>&nbsp;</p>\r\n\r\n<p>Public Works Director</p>"
  },
  "model": "webapp.lettertype",
  "pk": 4
},
{
  "fields": {
    "header": "Backflow Prevention Services Notification",
    "letter_type": "Due Install Second",
    "pws": null,
    "template": "<p>{PWSLogo}</p>\r\n\r\n<p><strong>{LetterDate}&nbsp;</strong></p>\r\n\r\n<table border=\"0\" cellpadding=\"1\" cellspacing=\"1\" style=\"height:122px; width:581px\">\r\n\t<tbody>\r\n\t\t<tr>\r\n\t\t\t<td>{CustomerName}</td>\r\n\t\t\t<td>Account No.: {AccountNumber}</td>\r\n\t\t</tr>\r\n\t\t<tr>\r\n\t\t\t<td>{CustomerAddress}</td>\r\n\t\t\t<td>Assembly: {AssemblyType}</td>\r\n\t\t</tr>\r\n\t\t<tr>\r\n\t\t\t<td>{CustomerCity}, {CustomerState}, {CustomerZip}</td>\r\n\t\t\t<td>Test Due Date: {DueDate}</td>\r\n\t\t</tr>\r\n\t</tbody>\r\n</table>\r\n\r\n<p>RE: Cross Connection Control and Backflow Prevention Program</p>\r\n\r\n<p>Service Address: {ServiceAddress}</p>\r\n\r\n<p style=\"text-align:right\"><u><strong>2-nd Notice</strong></u>&nbsp;&nbsp;&nbsp;&nbsp;&nbsp;&nbsp;&nbsp;&nbsp;&nbsp;&nbsp;&nbsp;&nbsp;&nbsp;&nbsp;&nbsp;</p>\r\n\r\n<p>&nbsp;</p>\r\n\r\n<p>Dear Customer,</p>\r\n\r\n<p>The City of {ServiceCity} is in the process of implementing the required cross connection control and backflow prevention program in accordance with mandates established by the Louisiana Department of Health &amp; Hospitals (DHH). We previously sent you correspondence requiring the testing or installation of a backflow preventer on your plumbing system.&nbsp; To date, we have not received a copy of a successful test report on your backflow preventer.&nbsp; In accordance with DHH regulations, the backflow preventer must be tested upon installation and annually thereafter. is in the process of implementing the required cross connection control and backflow prevention program in accordance with mandates established by the Louisiana Department of Health &amp; Hospitals (DHH). We previously sent you correspondence requiring the testing or installation of a backflow preventer on your plumbing system.&nbsp; To date, we have not received a copy of a successful test report on your backflow preventer.&nbsp; In accordance with DHH regulations, the backflow preventer must be tested upon installation and annually thereafter.</p>\r\n\r\n<p>In order to insure that the work is being performed by State regulated personnel, the City of {ServiceCity} has developed the attached approved list for your use in selecting personnel to perform the work.&nbsp; <u>Only those individuals on the approved list may be used to perform the work.</u>&nbsp; You may choose anyone from this list.&nbsp; However, should you wish to use a plumber that is not on the approved list, your selected plumber must have a Water Supply Protection Specialist (WSPS) endorsement on their license and must provide the information in the City of {ServiceCity} Plumber&rsquo;s Packet.&nbsp; The Plumber&rsquo;s Packet is available at city hall located at {PlumberPacketAddress}.</p>\r\n\r\n<div>\r\n<div>\r\n<p>As mentioned above, this is a state mandated program. <u>The only recourse the City has is to discontinue water service for non-compliant customers.</u>&nbsp; Please have the backflow preventer installed and tested by the above stated Test Due Date and email a copy of the test report to {ContactEmail}.</p>\r\n</div>\r\n</div>\r\n\r\n<div>Thank you in advance for your cooperation and assistance in this matter.&nbsp; Should you have any questions, please feel free to contact our consultant, Backflow Prevention Services LLC, at {ContactEmail}.</div>\r\n\r\n<p>Sincerely,</p>\r\n\r\n<p>&nbsp;</p>\r\n\r\n<p>Public Works Director</p>\r\n\r\n<p>&nbsp;</p>\r\n\r\n<p>I, ______________________________________, agree to maintain an air gap when filling my vessel and agree that a backflow preventer will be required should I not comply with these filling requirements.</p>\r\n\r\n<div>&nbsp;</div>\r\n\r\n<table border=\"0\" cellpadding=\"1\" cellspacing=\"1\" style=\"width:500px\">\r\n\t<tbody>\r\n\t\t<tr>\r\n\t\t\t<td>Customer:</td>\r\n\t\t\t<td>&nbsp;Date:</td>\r\n\t\t</tr>\r\n\t\t<tr>\r\n\t\t\t<td>_______________________________________</td>\r\n\t\t\t<td>&nbsp;______________</td>\r\n\t\t</tr>\r\n\t</tbody>\r\n</table>"
  },
  "model": "webapp.lettertype",
  "pk": 5
},
{
  "fields": {
    "header": "Backflow Prevention Services Notification",
    "letter_type": "Annual Test Second",
    "pws": null,
    "template": "<p>{PWSLogo}</p>\r\n\r\n<p><strong>{LetterDate}&nbsp;</strong></p>\r\n\r\n<table border=\"0\" cellpadding=\"1\" cellspacing=\"1\" style=\"height:122px; width:581px\">\r\n\t<tbody>\r\n\t\t<tr>\r\n\t\t\t<td>{CustomerName}</td>\r\n\t\t\t<td>Account No.: {AccountNumber}</td>\r\n\t\t</tr>\r\n\t\t<tr>\r\n\t\t\t<td>{CustomerAddress}</td>\r\n\t\t\t<td>Assembly: {AssemblyType}</td>\r\n\t\t</tr>\r\n\t\t<tr>\r\n\t\t\t<td>{CustomerCity}, {CustomerState}, {CustomerZip}</td>\r\n\t\t\t<td>Test Due Date: {DueDate}</td>\r\n\t\t</tr>\r\n\t</tbody>\r\n</table>\r\n\r\n<p>RE: Cross Connection Control and Backflow Prevention Program</p>\r\n\r\n<p>Service Address: {ServiceAddress}</p>\r\n\r\n<p style=\"text-align:right\"><strong><u>2-nd Notice</u>&nbsp;&nbsp;&nbsp;&nbsp;&nbsp;&nbsp;&nbsp;<u> </u></strong></p>\r\n\r\n<p>&nbsp;</p>\r\n\r\n<p>Dear Customer,</p>\r\n\r\n<p>The City of {ServiceCity} is in the process of implementing the required cross connection control and backflow prevention program in accordance with mandates established by the Louisiana Department of Health &amp; Hospitals (DHH). We previously sent you correspondence requiring the testing or installation of a backflow preventer on your plumbing system.&nbsp; To date, we have not received a copy of a successful test report on your backflow preventer.&nbsp; In accordance with DHH regulations, the backflow preventer must be tested upon installation and annually thereafter.</p>\r\n\r\n<p>In order to insure that the work is being performed by State regulated personnel, the City of {ServiceCity} has developed the attached approved list for your use in selecting personnel to perform the work.&nbsp; <u>Only those individuals on the approved list may be used to perform the work.</u>&nbsp; You may choose anyone from this list.&nbsp; However, should you wish to use a plumber that is not on the approved list, your selected plumber must have a Water Supply Protection Specialist (WSPS) endorsement on their license and must provide the information in the {ServiceCity} Plumber&rsquo;s Packet.&nbsp; The Plumber&rsquo;s Packet is available at city hall located at {PlumberPacketAddress}.</p>\r\n\r\n<p>As mentioned above, this is a state mandated program. <u>The only recourse the City has is to discontinue water service to those who do not comply.</u>&nbsp; Please email us with a successful test report by the above stated Test Due Date at {ContactEmail}.</p>\r\n\r\n<div>Thank you in advance for your cooperation and assistance in this matter.&nbsp; Should you have any questions, please feel free to contact our consultant, Backflow Prevention Services LLC, at {ContactEmail}.</div>\r\n\r\n<p>Sincerely,</p>\r\n\r\n<p>&nbsp;</p>\r\n\r\n<p>Public Works Director</p>"
  },
  "model": "webapp.lettertype",
  "pk": 6
},
{
  "fields": {
    "header": "Backflow Prevention Services Notification",
    "letter_type": "Due Install Third",
    "pws": null,
    "template": "<p>{PWSLogo}</p>\r\n\r\n<p><strong>{LetterDate}&nbsp;</strong></p>\r\n\r\n<table border=\"0\" cellpadding=\"1\" cellspacing=\"1\" style=\"height:122px; width:581px\">\r\n\t<tbody>\r\n\t\t<tr>\r\n\t\t\t<td>{CustomerName}</td>\r\n\t\t\t<td>Account No.: {AccountNumber}</td>\r\n\t\t</tr>\r\n\t\t<tr>\r\n\t\t\t<td>{CustomerAddress}</td>\r\n\t\t\t<td>Assembly: {AssemblyType}</td>\r\n\t\t</tr>\r\n\t\t<tr>\r\n\t\t\t<td>{CustomerCity}, {CustomerState}, {CustomerZip}</td>\r\n\t\t\t<td>Test Due Date: {DueDate}</td>\r\n\t\t</tr>\r\n\t</tbody>\r\n</table>\r\n\r\n<p style=\"text-align:center\"><strong>(THIRD AND FINAL NOTICE)</strong></p>\r\n\r\n<p>RE: Cross Connection Control and Backflow Prevention Program</p>\r\n\r\n<p>Service Address: {ServiceAddress}, {ServiceCity}, {ServiceState}&nbsp; &nbsp; &nbsp; &nbsp; &nbsp; &nbsp;&nbsp;</p>\r\n\r\n<p>&nbsp;</p>\r\n\r\n<p>Dear Customer,</p>\r\n\r\n<p>{PWSName} is in the process of implementing the required cross connection control and backflow prevention program in accordance with mandates established by state regulations. On two (2) prior occasions, we sent you correspondence requiring the testing or installation of a backflow preventer on your plumbing system.&nbsp; To date, we have not received a copy of a successful test report on your backflow preventer. &nbsp;Non-compliance is a violation of state and {PWSName} regulations.&nbsp;As a result,&nbsp;<u>your water service will be terminated on the above stated due date if a successful test report is not received.</u></p>\r\n\r\n<p>In order to insure that the work is being performed by State regulated personnel, {PWSName} has developed the attached approved list for your use in selecting personnel to perform the work.&nbsp; <u>Only those individuals on the approved list may be used to perform the work.</u>&nbsp; You may choose anyone from this list.&nbsp; However, should you wish to use a plumber that is not on the approved list, your selected plumber must have a Water Supply Protection Specialist (WSPS) endorsement on their license and must provide the information in the {PWSName} Plumber&rsquo;s Packet.&nbsp; The Plumber&rsquo;s Packet is available at {PlumberPacketLocation} located at {PlumberPacketAddress}.</p>\r\n\r\n<p>We urge you to comply with the state requirement in order to avoid termination of your water service.</p>\r\n\r\n<div>Should you have any questions, please feel free to contact {ConsultantName}, at {ConsultantPhone}.</div>\r\n\r\n<p>&nbsp;</p>\r\n\r\n<p>Sincerely,</p>\r\n\r\n<p>Public Works Director</p>"
  },
  "model": "webapp.lettertype",
  "pk": 7
},
{
  "fields": {
    "cust_city": "First Customer city",
    "next_survey_date": "2015-01-15",
    "apt": "",
    "floors": 1,
    "cust_state": "AL",
    "contact_phone": "",
    "last_survey_date": null,
    "city": "Second Site city",
    "site_type": 2,
    "zip": "Second zip",
    "state": "ID",
    "cust_address1": "First Customer address",
    "cust_address2": "",
    "fire_present": false,
    "status": 1,
    "cust_code": 1,
    "pws": 1,
    "address1": "Second Site address",
    "address2": "",
    "cust_number": "Customer1",
    "meter_number": null,
    "contact_email": null,
    "potable_present": false,
    "meter_reading": null,
    "is_due_install": false,
    "site_use": 1,
    "is_backflow": false,
    "street_number": null,
    "cust_zip": "First",
    "connect_date": "2015-01-15",
    "route": null,
    "meter_size": null,
    "cust_name": "First Customer name",
    "cust_apt": "",
    "interconnection_point": 1,
    "irrigation_present": false,
    "contact_fax": null,
    "notes": ""
  },
  "model": "webapp.site",
  "pk": 1
},
{
  "fields": {
    "cust_city": "First Customer city",
    "next_survey_date": null,
    "apt": "",
    "floors": 1,
    "cust_state": "AL",
    "contact_phone": "",
    "last_survey_date": null,
    "city": "First Site city",
    "site_type": 8,
    "zip": "First zip",
    "state": "AK",
    "cust_address1": "First Customer address",
    "cust_address2": "",
    "fire_present": false,
    "status": 1,
    "cust_code": 1,
    "pws": 2,
    "address1": "First Site address",
    "address2": "",
    "cust_number": "Customer1",
    "meter_number": "",
    "contact_email": null,
    "potable_present": false,
    "meter_reading": null,
    "is_due_install": false,
    "site_use": 3,
    "is_backflow": false,
    "street_number": "",
    "cust_zip": "First",
    "connect_date": "2015-01-15",
    "route": "",
    "meter_size": "",
    "cust_name": "First Customer name",
    "cust_apt": "",
    "interconnection_point": 1,
    "irrigation_present": false,
    "contact_fax": null,
    "notes": ""
  },
  "model": "webapp.site",
  "pk": 2
},
{
  "fields": {
    "cust_city": "Houston",
    "next_survey_date": null,
    "apt": "",
    "floors": 3,
    "cust_state": "TX",
    "contact_phone": "",
    "last_survey_date": null,
    "city": "Houston",
    "site_type": 4,
    "zip": "50396",
    "state": "TX",
    "cust_address1": "15, Washington St",
    "cust_address2": "",
    "fire_present": false,
    "status": 1,
    "cust_code": 3,
    "pws": 4,
    "address1": "56, 27 Avenue",
    "address2": "",
    "cust_number": "ZXC2",
    "meter_number": null,
    "contact_email": null,
    "potable_present": true,
    "meter_reading": null,
    "is_due_install": false,
    "site_use": 6,
    "is_backflow": false,
    "street_number": null,
    "cust_zip": "52901",
    "connect_date": "2015-01-22",
    "route": null,
    "meter_size": null,
    "cust_name": "John Smith",
    "cust_apt": "",
    "interconnection_point": 2,
    "irrigation_present": false,
    "contact_fax": null,
    "notes": ""
  },
  "model": "webapp.site",
  "pk": 3
},
{
  "fields": {
    "cust_city": "Ancoridge",
    "next_survey_date": null,
    "apt": "",
    "floors": 3,
    "cust_state": "AK",
    "contact_phone": "",
    "last_survey_date": null,
    "city": "Ancoridge",
    "site_type": 11,
    "zip": "39012",
    "state": "AK",
    "cust_address1": "10, New St",
    "cust_address2": "",
    "fire_present": false,
    "status": 1,
    "cust_code": 4,
    "pws": 9,
    "address1": "18/12, Central Square",
    "address2": "",
    "cust_number": "SJK472",
    "meter_number": null,
    "contact_email": null,
    "potable_present": true,
    "meter_reading": null,
    "is_due_install": false,
    "site_use": 5,
    "is_backflow": false,
    "street_number": null,
    "cust_zip": "29021",
    "connect_date": "2015-01-22",
    "route": null,
    "meter_size": null,
    "cust_name": "Mike Doe",
    "cust_apt": "",
    "interconnection_point": 2,
    "irrigation_present": false,
    "contact_fax": null,
    "notes": ""
  },
  "model": "webapp.site",
  "pk": 4
},
{
  "fields": {
    "cust_city": "Washington",
    "next_survey_date": null,
    "apt": "",
    "floors": 3,
    "cust_state": "DC",
    "contact_phone": "",
    "last_survey_date": "2015-01-26",
    "city": "Washington",
    "site_type": 31,
    "zip": "80192",
    "state": "DC",
    "cust_address1": "White House",
    "cust_address2": "",
    "fire_present": true,
    "status": 1,
    "cust_code": 2,
    "pws": 6,
    "address1": "White House",
    "address2": "",
    "cust_number": "QAZ2WSX",
    "meter_number": null,
    "contact_email": "amanda_j@hotmail.com",
    "potable_present": true,
    "meter_reading": null,
    "is_due_install": false,
    "site_use": 3,
    "is_backflow": false,
    "street_number": null,
    "cust_zip": "90192",
    "connect_date": "2015-01-22",
    "route": "ROUTE-123",
    "meter_size": null,
    "cust_name": "Amanda James",
    "cust_apt": "",
    "interconnection_point": 1,
    "irrigation_present": false,
    "contact_fax": null,
    "notes": ""
  },
  "model": "webapp.site",
  "pk": 5
},
{
  "fields": {
    "cust_city": "Washington",
    "next_survey_date": null,
    "apt": "",
    "floors": 3,
    "cust_state": "DC",
    "contact_phone": "",
    "last_survey_date": null,
    "city": "New York",
    "site_type": 31,
    "zip": "89012",
    "state": "NY",
    "cust_address1": "White House",
    "cust_address2": "",
    "fire_present": false,
    "status": 1,
    "cust_code": 2,
    "pws": 6,
    "address1": "Manhattan",
    "address2": "",
    "cust_number": "QAZ2WSX2",
    "meter_number": null,
    "contact_email": null,
    "potable_present": false,
    "meter_reading": null,
    "is_due_install": false,
    "site_use": 7,
    "is_backflow": false,
    "street_number": null,
    "cust_zip": "90192",
    "connect_date": null,
    "route": null,
    "meter_size": null,
    "cust_name": "Amanda James",
    "cust_apt": "",
    "interconnection_point": 2,
    "irrigation_present": false,
    "contact_fax": null,
    "notes": ""
  },
  "model": "webapp.site",
  "pk": 6
},
{
  "fields": {
    "cust_city": "Los Angeles",
    "next_survey_date": null,
    "apt": "",
    "floors": 3,
    "cust_state": "CA",
    "contact_phone": "",
    "last_survey_date": null,
    "city": "Los Angeles",
    "site_type": 11,
    "zip": "18012",
    "state": "CA",
    "cust_address1": "176, Beach Avenue",
    "cust_address2": "177, Beach Avenue",
    "fire_present": true,
    "status": 1,
    "cust_code": 1,
    "pws": 7,
    "address1": "745, 18 Avenue",
    "address2": "",
    "cust_number": "IKW182",
    "meter_number": null,
    "contact_email": null,
    "potable_present": true,
    "meter_reading": null,
    "is_due_install": false,
    "site_use": 1,
    "is_backflow": false,
    "street_number": null,
    "cust_zip": "18212",
    "connect_date": "2015-01-22",
    "route": null,
    "meter_size": null,
    "cust_name": "Jane Asperson",
    "cust_apt": "",
    "interconnection_point": 2,
    "irrigation_present": false,
    "contact_fax": null,
    "notes": ""
  },
  "model": "webapp.site",
  "pk": 7
},
{
  "fields": {
    "cust_city": "Boston",
    "next_survey_date": null,
    "apt": "",
    "floors": 3,
    "cust_state": "MA",
    "contact_phone": "",
    "last_survey_date": null,
    "city": "Boston",
    "site_type": 1,
    "zip": "10292",
    "state": "MA",
    "cust_address1": "18, Park St",
    "cust_address2": "",
    "fire_present": false,
    "status": 1,
    "cust_code": 4,
    "pws": 8,
    "address1": "182, Freeport St",
    "address2": "",
    "cust_number": "MIA281",
    "meter_number": null,
    "contact_email": null,
    "potable_present": true,
    "meter_reading": null,
    "is_due_install": false,
    "site_use": 5,
    "is_backflow": false,
    "street_number": null,
    "cust_zip": "19212",
    "connect_date": null,
    "route": null,
    "meter_size": null,
    "cust_name": "Matt Asperson",
    "cust_apt": "",
    "interconnection_point": 2,
    "irrigation_present": false,
    "contact_fax": null,
    "notes": ""
  },
  "model": "webapp.site",
  "pk": 8
},
{
  "fields": {
    "cust_city": "Chikago",
    "next_survey_date": "2016-02-09",
    "apt": "",
    "floors": 1,
    "cust_state": "IL",
    "contact_phone": "",
    "last_survey_date": null,
    "city": "Chikago",
    "site_type": 19,
    "zip": "00192",
    "state": "IL",
    "cust_address1": "128, River Groove",
    "cust_address2": "",
    "fire_present": false,
    "status": 1,
    "cust_code": 2,
    "pws": 9,
    "address1": "121, Broadview",
    "address2": "",
    "cust_number": "OIK182",
    "meter_number": "",
    "contact_email": null,
    "potable_present": true,
    "meter_reading": null,
    "is_due_install": false,
    "site_use": 5,
    "is_backflow": false,
    "street_number": null,
    "cust_zip": "19021",
    "connect_date": null,
    "route": "",
    "meter_size": "",
    "cust_name": "Giles Corey",
    "cust_apt": "",
    "interconnection_point": 1,
    "irrigation_present": false,
    "contact_fax": null,
    "notes": ""
  },
  "model": "webapp.site",
  "pk": 9
},
{
  "fields": {
    "cust_city": "Seattle",
    "next_survey_date": null,
    "apt": "75/2",
    "floors": 2,
    "cust_state": "WA",
    "contact_phone": "",
    "last_survey_date": "2015-01-26",
    "city": "Seattle",
    "site_type": 4,
    "zip": "18921",
    "state": "WA",
    "cust_address1": "127, Universe st",
    "cust_address2": "",
    "fire_present": false,
    "status": 1,
    "cust_code": 3,
    "pws": 9,
    "address1": "98, South Jackson st",
    "address2": "",
    "cust_number": "VALVE",
    "meter_number": null,
    "contact_email": null,
    "potable_present": true,
    "meter_reading": null,
    "is_due_install": false,
    "site_use": 1,
    "is_backflow": false,
    "street_number": "7269",
    "cust_zip": "12382",
    "connect_date": null,
    "route": "ROUTE-123",
    "meter_size": null,
    "cust_name": "Gabe Newell",
    "cust_apt": "VALVE-APT",
    "interconnection_point": 1,
    "irrigation_present": true,
    "contact_fax": null,
    "notes": ""
  },
  "model": "webapp.site",
  "pk": 10
},
{
  "fields": {
    "orientation": null,
    "photo": "",
    "serial_no": "",
    "site": 5,
    "replace_date": null,
    "hazard_type": 40,
    "longitude": 0.0,
    "installed_properly": false,
    "installer": "",
    "photo_thumb": "",
    "is_present": true,
    "bp_type_present": 6,
    "service_type": 4,
    "bp_size": null,
    "model_no": "",
    "bp_type_required": null,
    "location2": "",
    "location1": "Seattle",
    "latitude": 0.0,
    "manufacturer": null,
    "regulation_type": null,
    "notes": "",
    "install_date": "2015-02-18",
    "assembly_status": 3,
    "assembly_location": 2,
    "due_install_test_date": "2015-05-31"
  },
  "model": "webapp.hazard",
  "pk": 1
},
{
  "fields": {
    "orientation": null,
    "photo": "",
    "serial_no": "",
    "site": 10,
    "replace_date": null,
    "hazard_type": 14,
    "longitude": 0.0,
    "installed_properly": false,
    "installer": "",
    "photo_thumb": "",
    "is_present": true,
    "bp_type_present": null,
    "service_type": 3,
    "bp_size": null,
    "model_no": "",
    "bp_type_required": null,
    "location2": "",
    "location1": "Washington",
    "latitude": 0.0,
    "manufacturer": null,
    "regulation_type": null,
    "notes": "",
    "install_date": null,
    "assembly_status": 1,
    "assembly_location": 2,
    "due_install_test_date": null
  },
  "model": "webapp.hazard",
  "pk": 2
},
{
  "fields": {
    "orientation": null,
    "photo": "",
    "serial_no": "",
    "site": 5,
    "replace_date": null,
    "hazard_type": 1,
    "longitude": 0.0,
    "installed_properly": false,
    "installer": "",
    "photo_thumb": "",
    "is_present": true,
    "bp_type_present": null,
    "service_type": 3,
    "bp_size": null,
    "model_no": "",
    "bp_type_required": null,
    "location2": "",
    "location1": "White House",
    "latitude": 0.0,
    "manufacturer": null,
    "regulation_type": null,
    "notes": "",
    "install_date": null,
    "assembly_status": null,
    "assembly_location": null,
    "due_install_test_date": null
  },
  "model": "webapp.hazard",
  "pk": 3
},
{
  "fields": {
    "detail": "Rubber Parts Kit"
  },
  "model": "webapp.detail",
  "pk": 1
},
{
  "fields": {
    "detail": "C.V. Assembly"
  },
  "model": "webapp.detail",
  "pk": 2
},
{
  "fields": {
    "detail": "Disk"
  },
  "model": "webapp.detail",
  "pk": 3
},
{
  "fields": {
    "detail": "O-Rings"
  },
  "model": "webapp.detail",
  "pk": 4
},
{
  "fields": {
    "detail": "Seat"
  },
  "model": "webapp.detail",
  "pk": 5
},
{
  "fields": {
    "detail": "Spring"
  },
  "model": "webapp.detail",
  "pk": 6
},
{
  "fields": {
    "detail": "Stem/Guide"
  },
  "model": "webapp.detail",
  "pk": 7
},
{
  "fields": {
    "detail": "Retainer"
  },
  "model": "webapp.detail",
  "pk": 8
},
{
  "fields": {
    "detail": "Lock Nuts"
  },
  "model": "webapp.detail",
  "pk": 9
},
{
  "fields": {
    "detail": "R.V. Assembly"
  },
  "model": "webapp.detail",
  "pk": 10
},
{
  "fields": {
    "detail": "Diaphragm(s)"
  },
  "model": "webapp.detail",
  "pk": 11
},
{
  "fields": {
    "detail": "Guide"
  },
  "model": "webapp.detail",
  "pk": 12
},
{
  "fields": {
    "detail": "Disk Air Inlet"
  },
  "model": "webapp.detail",
  "pk": 13
},
{
  "fields": {
    "detail": "Disk, Check Valve"
  },
  "model": "webapp.detail",
  "pk": 14
},
{
  "fields": {
    "detail": "Seat, Check Valve"
  },
  "model": "webapp.detail",
  "pk": 15
},
{
  "fields": {
    "detail": "Spring, Air Inlet"
  },
  "model": "webapp.detail",
  "pk": 16
},
{
  "fields": {
    "detail": "Spring, Check Valve"
  },
  "model": "webapp.detail",
  "pk": 17
},
{
  "fields": {
    "detail": "Other"
  },
  "model": "webapp.detail",
  "pk": 18
},
{
  "fields": {
    "name": "SuperAdministrators",
    "permissions": [
      [
        "add_user",
        "auth",
        "user"
      ],
      [
        "change_user",
        "auth",
        "user"
      ],
      [
        "delete_user",
        "auth",
        "user"
      ],
      [
        "add_assemblylocation",
        "webapp",
        "assemblylocation"
      ],
      [
        "browse_assemblylocation",
        "webapp",
        "assemblylocation"
      ],
      [
        "change_assemblylocation",
        "webapp",
        "assemblylocation"
      ],
      [
        "delete_assemblylocation",
        "webapp",
        "assemblylocation"
      ],
      [
        "add_assemblystatus",
        "webapp",
        "assemblystatus"
      ],
      [
        "browse_assemblystatus",
        "webapp",
        "assemblystatus"
      ],
      [
        "change_assemblystatus",
        "webapp",
        "assemblystatus"
      ],
      [
        "delete_assemblystatus",
        "webapp",
        "assemblystatus"
      ],
      [
        "add_bpmanufacturer",
        "webapp",
        "bpmanufacturer"
      ],
      [
        "browse_bpmanufacturer",
        "webapp",
        "bpmanufacturer"
      ],
      [
        "change_bpmanufacturer",
        "webapp",
        "bpmanufacturer"
      ],
      [
        "delete_bpmanufacturer",
        "webapp",
        "bpmanufacturer"
      ],
      [
        "add_bpsize",
        "webapp",
        "bpsize"
      ],
      [
        "browse_bpsize",
        "webapp",
        "bpsize"
      ],
      [
        "change_bpsize",
        "webapp",
        "bpsize"
      ],
      [
        "delete_bpsize",
        "webapp",
        "bpsize"
      ],
      [
        "add_bptype",
        "webapp",
        "bptype"
      ],
      [
        "browse_bptype",
        "webapp",
        "bptype"
      ],
      [
        "change_bptype",
        "webapp",
        "bptype"
      ],
      [
        "delete_bptype",
        "webapp",
        "bptype"
      ],
      [
        "add_customercode",
        "webapp",
        "customercode"
      ],
      [
        "browse_customercode",
        "webapp",
        "customercode"
      ],
      [
        "change_customercode",
        "webapp",
        "customercode"
      ],
      [
        "delete_customercode",
        "webapp",
        "customercode"
      ],
      [
        "access_to_adminpanel",
        "webapp",
        "employee"
      ],
      [
        "access_to_all_users",
        "webapp",
        "employee"
      ],
      [
        "add_employee",
        "webapp",
        "employee"
      ],
      [
        "browse_user",
        "webapp",
        "employee"
      ],
      [
        "change_employee",
        "webapp",
        "employee"
      ],
      [
        "delete_employee",
        "webapp",
        "employee"
      ],
      [
        "add_floorscount",
        "webapp",
        "floorscount"
      ],
      [
        "browse_floorscount",
        "webapp",
        "floorscount"
      ],
      [
        "change_floorscount",
        "webapp",
        "floorscount"
      ],
      [
        "delete_floorscount",
        "webapp",
        "floorscount"
      ],
      [
        "access_to_all_hazards",
        "webapp",
        "hazard"
      ],
      [
        "add_hazard",
        "webapp",
        "hazard"
      ],
      [
        "browse_hazard",
        "webapp",
        "hazard"
      ],
      [
        "change_all_info_about_hazard",
        "webapp",
        "hazard"
      ],
      [
        "change_hazard",
        "webapp",
        "hazard"
      ],
      [
        "delete_hazard",
        "webapp",
        "hazard"
      ],
      [
        "add_hazardtype",
        "webapp",
        "hazardtype"
      ],
      [
        "browse_hazardtype",
        "webapp",
        "hazardtype"
      ],
      [
        "change_hazardtype",
        "webapp",
        "hazardtype"
      ],
      [
        "delete_hazardtype",
        "webapp",
        "hazardtype"
      ],
      [
        "add_icpointtype",
        "webapp",
        "icpointtype"
      ],
      [
        "browse_icpointtype",
        "webapp",
        "icpointtype"
      ],
      [
        "change_icpointtype",
        "webapp",
        "icpointtype"
      ],
      [
        "delete_icpointtype",
        "webapp",
        "icpointtype"
      ],
      [
        "access_to_all_import_logs",
        "webapp",
        "importlog"
      ],
      [
        "browse_import_log",
        "webapp",
        "importlog"
      ],
      [
        "add_letter",
        "webapp",
        "letter"
      ],
      [
        "browse_letter",
        "webapp",
        "letter"
      ],
      [
        "change_letter",
        "webapp",
        "letter"
      ],
      [
        "delete_letter",
        "webapp",
        "letter"
      ],
      [
        "full_letter_access",
        "webapp",
        "letter"
      ],
      [
        "send_letter",
        "webapp",
        "letter"
      ],
      [
        "access_to_all_lettertypes",
        "webapp",
        "lettertype"
      ],
      [
        "add_lettertype",
        "webapp",
        "lettertype"
      ],
      [
        "browse_lettertype",
        "webapp",
        "lettertype"
      ],
      [
        "change_lettertype",
        "webapp",
        "lettertype"
      ],
      [
        "delete_lettertype",
        "webapp",
        "lettertype"
      ],
      [
        "add_licence",
        "webapp",
        "licence"
      ],
      [
        "browse_licence",
        "webapp",
        "licence"
      ],
      [
        "change_licence",
        "webapp",
        "licence"
      ],
      [
        "delete_licence",
        "webapp",
        "licence"
      ],
      [
        "add_orientation",
        "webapp",
        "orientation"
      ],
      [
        "browse_orientation",
        "webapp",
        "orientation"
      ],
      [
        "change_orientation",
        "webapp",
        "orientation"
      ],
      [
        "delete_orientation",
        "webapp",
        "orientation"
      ],
      [
        "add_pws",
        "webapp",
        "pws"
      ],
      [
        "browse_pws",
        "webapp",
        "pws"
      ],
      [
        "change_pws",
        "webapp",
        "pws"
      ],
      [
        "delete_pws",
        "webapp",
        "pws"
      ],
      [
        "add_servicetype",
        "webapp",
        "servicetype"
      ],
      [
        "browse_servicetype",
        "webapp",
        "servicetype"
      ],
      [
        "change_servicetype",
        "webapp",
        "servicetype"
      ],
      [
        "delete_servicetype",
        "webapp",
        "servicetype"
      ],
      [
        "access_to_all_sites",
        "webapp",
        "site"
      ],
      [
        "access_to_batch_update",
        "webapp",
        "site"
      ],
      [
        "access_to_import",
        "webapp",
        "site"
      ],
      [
        "add_site",
        "webapp",
        "site"
      ],
      [
        "browse_site",
        "webapp",
        "site"
      ],
      [
        "change_all_info_about_site",
        "webapp",
        "site"
      ],
      [
        "change_site",
        "webapp",
        "site"
      ],
      [
        "delete_site",
        "webapp",
        "site"
      ],
      [
        "add_sitestatus",
        "webapp",
        "sitestatus"
      ],
      [
        "browse_sitestatus",
        "webapp",
        "sitestatus"
      ],
      [
        "change_sitestatus",
        "webapp",
        "sitestatus"
      ],
      [
        "delete_sitestatus",
        "webapp",
        "sitestatus"
      ],
      [
        "add_sitetype",
        "webapp",
        "sitetype"
      ],
      [
        "browse_sitetype",
        "webapp",
        "sitetype"
      ],
      [
        "change_sitetype",
        "webapp",
        "sitetype"
      ],
      [
        "delete_sitetype",
        "webapp",
        "sitetype"
      ],
      [
        "add_siteuse",
        "webapp",
        "siteuse"
      ],
      [
        "browse_siteuse",
        "webapp",
        "siteuse"
      ],
      [
        "change_siteuse",
        "webapp",
        "siteuse"
      ],
      [
        "delete_siteuse",
        "webapp",
        "siteuse"
      ],
      [
        "add_sourcetype",
        "webapp",
        "sourcetype"
      ],
      [
        "browse_sourcetype",
        "webapp",
        "sourcetype"
      ],
      [
        "change_sourcetype",
        "webapp",
        "sourcetype"
      ],
      [
        "delete_sourcetype",
        "webapp",
        "sourcetype"
      ],
      [
        "add_special",
        "webapp",
        "special"
      ],
      [
        "browse_special",
        "webapp",
        "special"
      ],
      [
        "change_special",
        "webapp",
        "special"
      ],
      [
        "delete_special",
        "webapp",
        "special"
      ],
      [
        "add_statictext",
        "webapp",
        "statictext"
      ],
      [
        "change_statictext",
        "webapp",
        "statictext"
      ],
      [
        "delete_statictext",
        "webapp",
        "statictext"
      ],
      [
        "access_to_all_surveys",
        "webapp",
        "survey"
      ],
      [
        "add_survey",
        "webapp",
        "survey"
      ],
      [
        "browse_survey",
        "webapp",
        "survey"
      ],
      [
        "change_survey",
        "webapp",
        "survey"
      ],
      [
        "delete_survey",
        "webapp",
        "survey"
      ],
      [
        "add_surveytype",
        "webapp",
        "surveytype"
      ],
      [
        "browse_surveytype",
        "webapp",
        "surveytype"
      ],
      [
        "change_surveytype",
        "webapp",
        "surveytype"
      ],
      [
        "delete_surveytype",
        "webapp",
        "surveytype"
      ],
      [
        "access_to_all_tests",
        "webapp",
        "test"
      ],
      [
        "add_test",
        "webapp",
        "test"
      ],
      [
        "browse_test",
        "webapp",
        "test"
      ],
      [
        "change_test",
        "webapp",
        "test"
      ],
      [
        "delete_test",
        "webapp",
        "test"
      ],
      [
        "add_testmanufacturer",
        "webapp",
        "testmanufacturer"
      ],
      [
        "browse_testmanufacturer",
        "webapp",
        "testmanufacturer"
      ],
      [
        "change_testmanufacturer",
        "webapp",
        "testmanufacturer"
      ],
      [
        "delete_testmanufacturer",
        "webapp",
        "testmanufacturer"
      ],
      [
        "add_testmodel",
        "webapp",
        "testmodel"
      ],
      [
        "browse_testmodel",
        "webapp",
        "testmodel"
      ],
      [
        "change_testmodel",
        "webapp",
        "testmodel"
      ],
      [
        "delete_testmodel",
        "webapp",
        "testmodel"
      ]
    ]
  },
  "model": "auth.group",
  "pk": 1
},
{
  "fields": {
    "name": "Administrators",
    "permissions": [
      [
        "add_user",
        "auth",
        "user"
      ],
      [
        "change_user",
        "auth",
        "user"
      ],
      [
        "access_to_pws_users",
        "webapp",
        "employee"
      ],
      [
        "add_employee",
        "webapp",
        "employee"
      ],
      [
        "browse_user",
        "webapp",
        "employee"
      ],
      [
        "change_employee",
        "webapp",
        "employee"
      ],
      [
        "access_to_pws_hazards",
        "webapp",
        "hazard"
      ],
      [
        "add_hazard",
        "webapp",
        "hazard"
      ],
      [
        "browse_hazard",
        "webapp",
        "hazard"
      ],
      [
        "change_all_info_about_hazard",
        "webapp",
        "hazard"
      ],
      [
        "change_hazard",
        "webapp",
        "hazard"
      ],
      [
        "access_to_pws_import_logs",
        "webapp",
        "importlog"
      ],
      [
        "browse_import_log",
        "webapp",
        "importlog"
      ],
      [
        "add_letter",
        "webapp",
        "letter"
      ],
      [
        "browse_letter",
        "webapp",
        "letter"
      ],
      [
        "change_letter",
        "webapp",
        "letter"
      ],
      [
        "pws_letter_access",
        "webapp",
        "letter"
      ],
      [
        "send_letter",
        "webapp",
        "letter"
      ],
      [
        "access_to_pws_lettertypes",
        "webapp",
        "lettertype"
      ],
      [
        "browse_lettertype",
        "webapp",
        "lettertype"
      ],
      [
        "change_lettertype",
        "webapp",
        "lettertype"
      ],
      [
        "access_to_batch_update",
        "webapp",
        "site"
      ],
      [
        "access_to_import",
        "webapp",
        "site"
      ],
      [
        "access_to_pws_sites",
        "webapp",
        "site"
      ],
      [
        "add_site",
        "webapp",
        "site"
      ],
      [
        "browse_site",
        "webapp",
        "site"
      ],
      [
        "change_all_info_about_site",
        "webapp",
        "site"
      ],
      [
        "change_site",
        "webapp",
        "site"
      ],
      [
        "access_to_pws_surveys",
        "webapp",
        "survey"
      ],
      [
        "add_survey",
        "webapp",
        "survey"
      ],
      [
        "browse_survey",
        "webapp",
        "survey"
      ],
      [
        "change_survey",
        "webapp",
        "survey"
      ],
      [
        "access_to_pws_tests",
        "webapp",
        "test"
      ],
      [
        "add_test",
        "webapp",
        "test"
      ],
      [
        "browse_test",
        "webapp",
        "test"
      ],
      [
        "change_test",
        "webapp",
        "test"
      ]
    ]
  },
  "model": "auth.group",
  "pk": 2
},
{
  "fields": {
    "name": "Surveyors",
    "permissions": [
      [
        "access_to_pws_hazards",
        "webapp",
        "hazard"
      ],
      [
        "add_hazard",
        "webapp",
        "hazard"
      ],
      [
        "browse_hazard",
        "webapp",
        "hazard"
      ],
      [
        "change_all_info_about_hazard",
        "webapp",
        "hazard"
      ],
      [
        "change_hazard",
        "webapp",
        "hazard"
      ],
      [
        "add_letter",
        "webapp",
        "letter"
      ],
      [
        "browse_letter",
        "webapp",
        "letter"
      ],
      [
        "change_letter",
        "webapp",
        "letter"
      ],
      [
        "pws_letter_access",
        "webapp",
        "letter"
      ],
      [
        "send_letter",
        "webapp",
        "letter"
      ],
      [
        "access_to_pws_sites",
        "webapp",
        "site"
      ],
      [
        "browse_site",
        "webapp",
        "site"
      ],
      [
        "change_site",
        "webapp",
        "site"
      ],
      [
        "access_to_own_surveys",
        "webapp",
        "survey"
      ],
      [
        "add_survey",
        "webapp",
        "survey"
      ],
      [
        "browse_survey",
        "webapp",
        "survey"
      ],
      [
        "change_survey",
        "webapp",
        "survey"
      ]
    ]
  },
  "model": "auth.group",
  "pk": 3
},
{
  "fields": {
    "name": "Testers",
    "permissions": [
      [
        "access_to_pws_hazards",
        "webapp",
        "hazard"
      ],
      [
        "browse_hazard",
        "webapp",
        "hazard"
      ],
      [
        "change_hazard",
        "webapp",
        "hazard"
      ],
      [
        "access_to_site_by_customer_account",
        "webapp",
        "site"
      ],
      [
        "browse_site",
        "webapp",
        "site"
      ],
      [
        "access_to_own_tests",
        "webapp",
        "test"
      ],
      [
        "add_test",
        "webapp",
        "test"
      ],
      [
        "browse_test",
        "webapp",
        "test"
      ],
      [
        "change_test",
        "webapp",
        "test"
      ]
    ]
  },
  "model": "auth.group",
  "pk": 4
},
{
  "fields": {
    "username": "root",
    "first_name": "root",
    "last_name": "root",
    "is_active": true,
    "is_superuser": true,
    "is_staff": true,
    "last_login": "2015-06-22T09:51:45Z",
    "groups": [
      [
        "SuperAdministrators"
      ]
    ],
    "user_permissions": [],
    "password": "pbkdf2_sha256$12000$u9z9TV8pJf6r$ARP9lroecfgLdtEcUbYrgWCrti36AwnvEZ3I0ThseE8=",
    "email": "thesomeq@gmail.com",
    "date_joined": "2015-01-12T06:14:02Z"
  },
  "model": "auth.user",
  "pk": 1
},
{
  "fields": {
    "username": "tester",
    "first_name": "tester",
    "last_name": "tester",
    "is_active": true,
    "is_superuser": false,
    "is_staff": false,
    "last_login": "2015-06-01T10:38:48Z",
    "groups": [
      [
        "Testers"
      ]
    ],
    "user_permissions": [],
    "password": "pbkdf2_sha256$12000$f1AektJQFT9r$JThfdyKIkuljMhpViPjrV3FHOwD7wviP4FygzknllYY=",
    "email": "tester@example.com",
    "date_joined": "2015-01-15T10:53:43Z"
  },
  "model": "auth.user",
  "pk": 2
},
{
  "fields": {
    "username": "surveyor",
    "first_name": "surveyor",
    "last_name": "surveyor",
    "is_active": true,
    "is_superuser": false,
    "is_staff": false,
    "last_login": "2015-04-24T09:34:32Z",
    "groups": [
      [
        "Surveyors"
      ]
    ],
    "user_permissions": [],
    "password": "pbkdf2_sha256$12000$I4iwX5QbCR4Y$5QMZNxhNEET9GCF3jscIPQFlTCkMXcAVjr9wnAAg+io=",
    "email": "",
    "date_joined": "2015-01-15T10:55:12Z"
  },
  "model": "auth.user",
  "pk": 3
},
{
  "fields": {
    "username": "admin",
    "first_name": "admin",
    "last_name": "admin",
    "is_active": true,
    "is_superuser": false,
    "is_staff": false,
    "last_login": "2015-05-04T09:23:09Z",
    "groups": [
      [
        "Administrators"
      ]
    ],
    "user_permissions": [],
    "password": "pbkdf2_sha256$12000$8ESmszcAfMs8$jEm7zn5Xz8x12Bmye3UlKjL/1WUDqz9OkygH7QnHlOQ=",
    "email": "",
    "date_joined": "2015-01-15T10:55:45Z"
  },
  "model": "auth.user",
  "pk": 4
},
{
  "fields": {
    "username": "superadmin",
    "first_name": "",
    "last_name": "",
    "is_active": true,
    "is_superuser": false,
    "is_staff": true,
    "last_login": "2015-02-16T10:56:26Z",
    "groups": [
      [
        "SuperAdministrators"
      ]
    ],
    "user_permissions": [],
    "password": "pbkdf2_sha256$12000$2fUYcI9umPgG$Agziyt/ksLMXYFuIUHq80qTVWaI1MfHFsZJ900JBSP8=",
    "email": "",
    "date_joined": "2015-01-27T05:36:46Z"
  },
  "model": "auth.user",
  "pk": 5
},
{
  "fields": {
    "username": "tester_without_pws",
    "first_name": "",
    "last_name": "",
    "is_active": true,
    "is_superuser": false,
    "is_staff": false,
    "last_login": "2015-02-17T08:53:58Z",
    "groups": [
      [
        "Testers"
      ]
    ],
    "user_permissions": [],
    "password": "pbkdf2_sha256$12000$9aPtgV8Ggjfn$IfA9z9levvZAKCBIgWGJs3K9nppQXwEuKryj7X4HsMk=",
    "email": "",
    "date_joined": "2015-02-17T08:53:58Z"
  },
  "model": "auth.user",
  "pk": 9
},
{
  "fields": {
    "username": "surveyor_without_pws",
    "first_name": "",
    "last_name": "",
    "is_active": true,
    "is_superuser": false,
    "is_staff": false,
    "last_login": "2015-02-17T08:54:19Z",
    "groups": [
      [
        "Surveyors"
      ]
    ],
    "user_permissions": [],
    "password": "pbkdf2_sha256$12000$9xjIZttWgXf3$ldgZo6WFFIKvS76jUlhGORudXumALnBNqWw6z7jAROY=",
    "email": "",
    "date_joined": "2015-02-17T08:54:19Z"
  },
  "model": "auth.user",
  "pk": 10
},
{
  "fields": {
    "already_sent": false,
    "rendered_body": "<p><strong>2015-05-05&nbsp;</strong></p>\r\n\r\n<table border=\"0\" cellpadding=\"1\" cellspacing=\"1\" style=\"height:122px; width:581px\">\r\n\t<tbody>\r\n\t\t<tr>\r\n\t\t\t<td>Amanda James</td>\r\n\t\t\t<td>Account No.: QAZ2WSX</td>\r\n\t\t</tr>\r\n\t\t<tr>\r\n\t\t\t<td>White House</td>\r\n\t\t\t<td>Assembly: HBVB</td>\r\n\t\t</tr>\r\n\t\t<tr>\r\n\t\t\t<td>Washington, DC, 90192</td>\r\n\t\t\t<td>Test Due Date: 2015-05-22</td>\r\n\t\t</tr>\r\n\t</tbody>\r\n</table>\r\n\r\n<p>RE: Cross Connection Control and Backflow Prevention Program</p>\r\n\r\n<p>Service Address: White House</p>\r\n\r\n<p>&nbsp;</p>\r\n\r\n<p>Dear Customer,</p>\r\n\r\n<p>The City of Washington, under the direction of the Louisiana Department of Health and Hospitals (DHH), has developed a Cross Connection Control and Backflow Prevention Program. This program was developed to minimize the impact of potential contaminants from entering the potable water supply. As such, part of the plan is to insure that customers with auxiliary water, such as ponds, fountains, etc., on their property fill these vessels using an air gap. The easiest way to accomplish this task is to securing the end of the filling hose to a permanent fixture above the flood level rim of the vessel and let water flow through the air into the vessel. This is a requirement of DHH.</p>\r\n\r\n<p>Should the customer be found not complying with this agreement, then the City of Washington will require that a reduced pressure backflow preventer be installed in accordance with DHH regulations. This plumbing device will have to be placed behind your water meter at significant cost to you should non-compliance become an issue. <u>If you are in agreement with the terms presented within this document, please sign at the designated place below and return this letter via email to thesomeq@gmail.com.</u> <em>Failure to notify this office of your agreement to this condition will be considered nonresponsive and therefore necessitate the installation of a backflow preventer.</em></p>\r\n\r\n<p>Thank you in advance for your cooperation and assistance in this matter.&nbsp; Should you have any questions, please feel free to contact our consultant, Backflow Prevention Services LLC, at thesomeq@gmail.com.</p>\r\n\r\n<p>Sincerely,</p>\r\n\r\n<p>&nbsp;</p>\r\n\r\n<p>Public Works Director</p>\r\n\r\n<p>&nbsp;</p>\r\n\r\n<p><small>I, _______________________________________, agree to maintain an air gap when filling my vessel and agree that a backflow preventer will be required should I not comply with these filling requirements.</small></p>\r\n\r\n<div>&nbsp;</div>\r\n\r\n<table border=\"0\" cellpadding=\"1\" cellspacing=\"1\" style=\"width:500px\">\r\n\t<tbody>\r\n\t\t<tr>\r\n\t\t\t<td><small>Customer:</small></td>\r\n\t\t\t<td><small>&nbsp;Date:</small></td>\r\n\t\t</tr>\r\n\t\t<tr>\r\n\t\t\t<td><small>_______________________________________</small></td>\r\n\t\t\t<td><small>&nbsp;______________</small></td>\r\n\t\t</tr>\r\n\t</tbody>\r\n</table>\r",
    "site": 5,
    "hazard": 3,
    "user": [
      "root"
    ],
    "date": "2015-05-03",
    "letter_type": 1
  },
  "model": "webapp.letter",
  "pk": 1
},
{
  "fields": {
    "already_sent": false,
    "rendered_body": "<p><strong>2015-05-05&nbsp;</strong></p>\r\n\r\n<table border=\"0\" cellpadding=\"1\" cellspacing=\"1\" style=\"height:122px; width:581px\">\r\n\t<tbody>\r\n\t\t<tr>\r\n\t\t\t<td>Gabe Newell</td>\r\n\t\t\t<td>Account No.: VALVE</td>\r\n\t\t</tr>\r\n\t\t<tr>\r\n\t\t\t<td>127, Universe st</td>\r\n\t\t\t<td>Assembly: None</td>\r\n\t\t</tr>\r\n\t\t<tr>\r\n\t\t\t<td>Seattle, WA, 12382</td>\r\n\t\t\t<td>Test Due Date: None</td>\r\n\t\t</tr>\r\n\t</tbody>\r\n</table>\r\n\r\n<p>RE: Cross Connection Control and Backflow Prevention Program</p>\r\n\r\n<p>Service Address: 98, South Jackson st</p>\r\n\r\n<p style=\"text-align: right;\"><strong><u>2-nd Notice</u>&nbsp;&nbsp;&nbsp;&nbsp;&nbsp;&nbsp;&nbsp;<u> </u></strong></p>\r\n\r\n<p>&nbsp;</p>\r\n\r\n<p>Dear Customer,</p>\r\n\r\n<p>The City of Seattle is in the process of implementing the required cross connection control and backflow prevention program in accordance with mandates established by the Louisiana Department of Health &amp; Hospitals (DHH). We previously sent you correspondence requiring the testing or installation of a backflow preventer on your plumbing system.&nbsp; To date, we have not received a copy of a successful test report on your backflow preventer.&nbsp; In accordance with DHH regulations, the backflow preventer must be tested upon installation and annually thereafter.</p>\r\n\r\n<p>In order to insure that the work is being performed by State regulated personnel, the City of Seattle has developed the attached approved list for your use in selecting personnel to perform the work.&nbsp; <u>Only those individuals on the approved list may be used to perform the work.</u>&nbsp; You may choose anyone from this list.&nbsp; However, should you wish to use a plumber that is not on the approved list, your selected plumber must have a Water Supply Protection Specialist (WSPS) endorsement on their license and must provide the information in the Seattle Plumber&rsquo;s Packet.&nbsp; The Plumber&rsquo;s Packet is available at city hall located at Plumber Packet Address.</p>\r\n\r\n<p>As mentioned above, this is a state mandated program. <u>The only recourse the City has is to discontinue water service to those who do not comply.</u>&nbsp; Please email us with a successful test report by the above stated Test Due Date at thesomeq@gmail.com.</p>\r\n\r\n<div>Thank you in advance for your cooperation and assistance in this matter.&nbsp; Should you have any questions, please feel free to contact our consultant, Backflow Prevention Services LLC, at thesomeq@gmail.com.</div>\r\n\r\n<p>Sincerely,</p>\r\n\r\n<p>&nbsp;</p>\r\n\r\n<p>Public Works Director</p>\r",
    "site": 10,
    "hazard": 2,
    "user": [
      "root"
    ],
    "date": "2015-05-05",
    "letter_type": 6
  },
  "model": "webapp.letter",
  "pk": 2
},
{
  "fields": {
    "outlet_sov_leaked": false,
    "rv_psi1": null,
    "rv_psi2": null,
    "rv_replaced_details": [],
    "cv2_maintenance": false,
    "cv2_cleaned": true,
    "pvb_open_pressure": null,
    "cv_retest_psi": null,
    "air_inlet_retest_psi": null,
    "cv2_replaced_details": [],
    "cv2_leaked": false,
    "test_result": false,
    "rv_maintenance": false,
    "cv1_replaced_details": [
      2
    ],
    "pvb_opened": false,
    "cv_maintenance": false,
    "pvb_replaced_details": [
      16
    ],
    "cv2_gauge_pressure": null,
    "pvb_cleaned": false,
    "tester": [
      "tester"
    ],
    "cv1_maintenance": false,
    "cv1_cleaned": false,
    "paid": true,
    "air_inlet_opened": false,
    "cv_leaked": true,
    "cv2_maintenance_pressure": null,
    "cv_held_pressure": null,
    "cv_psi": null,
    "cv1_gauge_pressure": null,
    "rv_opened": false,
    "cv1_maintenance_pressure": null,
    "cv1_leaked": true,
    "bp_device": 1,
    "air_inlet_psi": null,
    "notes": "",
    "test_date": "2015-01-27",
    "rv_cleaned": true
  },
  "model": "webapp.test",
  "pk": 1
},
{
  "fields": {
    "outlet_sov_leaked": false,
    "rv_psi1": null,
    "rv_psi2": null,
    "rv_replaced_details": [],
    "cv2_maintenance": false,
    "cv2_cleaned": true,
    "pvb_open_pressure": null,
    "cv_retest_psi": null,
    "air_inlet_retest_psi": null,
    "cv2_replaced_details": [],
    "cv2_leaked": false,
    "test_result": false,
    "rv_maintenance": false,
    "cv1_replaced_details": [],
    "pvb_opened": false,
    "cv_maintenance": false,
    "pvb_replaced_details": [],
    "cv2_gauge_pressure": null,
    "pvb_cleaned": true,
    "tester": [
      "tester"
    ],
    "cv1_maintenance": false,
    "cv1_cleaned": true,
    "paid": true,
    "air_inlet_opened": false,
    "cv_leaked": true,
    "cv2_maintenance_pressure": null,
    "cv_held_pressure": null,
    "cv_psi": null,
    "cv1_gauge_pressure": null,
    "rv_opened": false,
    "cv1_maintenance_pressure": null,
    "cv1_leaked": false,
    "bp_device": 2,
    "air_inlet_psi": null,
    "notes": "",
    "test_date": "2015-01-27",
    "rv_cleaned": true
  },
  "model": "webapp.test",
  "pk": 2
},
{
  "fields": {
    "outlet_sov_leaked": false,
    "rv_psi1": null,
    "rv_psi2": null,
    "rv_replaced_details": [],
    "cv2_maintenance": false,
    "cv2_cleaned": true,
    "pvb_open_pressure": null,
    "cv_retest_psi": null,
    "air_inlet_retest_psi": null,
    "cv2_replaced_details": [],
    "cv2_leaked": false,
    "test_result": false,
    "rv_maintenance": false,
    "cv1_replaced_details": [],
    "pvb_opened": false,
    "cv_maintenance": false,
    "pvb_replaced_details": [],
    "cv2_gauge_pressure": null,
    "pvb_cleaned": true,
    "tester": [
      "tester"
    ],
    "cv1_maintenance": false,
    "cv1_cleaned": true,
    "paid": false,
    "air_inlet_opened": true,
    "cv_leaked": false,
    "cv2_maintenance_pressure": null,
    "cv_held_pressure": null,
    "cv_psi": null,
    "cv1_gauge_pressure": null,
    "rv_opened": false,
    "cv1_maintenance_pressure": null,
    "cv1_leaked": true,
    "bp_device": 1,
    "air_inlet_psi": null,
    "notes": "",
    "test_date": "2015-06-01",
    "rv_cleaned": true
  },
  "model": "webapp.test",
  "pk": 3
},
{
  "fields": {
    "detector_manufacturer": "",
    "detector_model": "",
    "pump_present": false,
    "hazards": [
      3
    ],
    "survey_type": 4,
    "cc_present": false,
    "site": 5,
    "survey_date": "2015-01-26",
    "metered": false,
    "surveyor": [
      "surveyor"
    ],
    "protected": false,
    "detector_serial_no": "",
    "service_type": 3,
    "additives_present": false,
    "aux_water": false,
    "notes": "",
    "special": null
  },
  "model": "webapp.survey",
  "pk": 1
},
{
  "fields": {
    "detector_manufacturer": "",
    "detector_model": "",
    "pump_present": false,
    "hazards": [
      2
    ],
    "survey_type": 6,
    "cc_present": false,
    "site": 10,
    "survey_date": "2015-01-26",
    "metered": false,
    "surveyor": [
      "surveyor"
    ],
    "protected": false,
    "detector_serial_no": "",
    "service_type": 3,
    "additives_present": false,
    "aux_water": false,
    "notes": "",
    "special": null
  },
  "model": "webapp.survey",
  "pk": 2
},
{
  "fields": {
    "city": "root city",
    "pws": null,
    "zip": "root zip",
    "phone2": "",
    "cert_number": null,
    "company": "root company",
    "phone1": "root phone",
    "test_serial": null,
    "cert_expires": null,
    "test_model": null,
    "state": "AK",
    "test_last_cert": null,
    "user": [
      "root"
    ],
    "address": "root address",
    "cert_date": null,
    "test_manufacturer": null
  },
  "model": "webapp.employee",
  "pk": 1
},
{
  "fields": {
    "city": "tester city",
    "pws": 9,
    "zip": "tester zip",
    "phone2": "",
    "cert_number": "qwerty132",
    "company": "tester company",
    "phone1": "tester phone",
    "test_serial": "",
    "cert_expires": null,
    "test_model": null,
    "state": "AL",
    "test_last_cert": null,
    "user": [
      "tester"
    ],
    "address": "tester address",
    "cert_date": null,
    "test_manufacturer": null
  },
  "model": "webapp.employee",
  "pk": 2
},
{
  "fields": {
    "city": "surveyor city",
    "pws": 9,
    "zip": "survey zip",
    "phone2": "",
    "cert_number": null,
    "company": "surveyor company",
    "phone1": "surveyor phone",
    "test_serial": null,
    "cert_expires": null,
    "test_model": null,
    "state": "AR",
    "test_last_cert": null,
    "user": [
      "surveyor"
    ],
    "address": "surveyor address",
    "cert_date": null,
    "test_manufacturer": null
  },
  "model": "webapp.employee",
  "pk": 3
},
{
  "fields": {
    "city": "admin city",
    "pws": 9,
    "zip": "admin zip",
    "phone2": "",
    "cert_number": null,
    "company": "admin company",
    "phone1": "admin phone",
    "test_serial": null,
    "cert_expires": null,
    "test_model": null,
    "state": "KY",
    "test_last_cert": null,
    "user": [
      "admin"
    ],
    "address": "admin address",
    "cert_date": null,
    "test_manufacturer": null
  },
  "model": "webapp.employee",
  "pk": 4
},
{
  "fields": {
    "city": "superadmin city",
    "pws": null,
    "zip": "supadm zip",
    "phone2": "",
    "cert_number": null,
    "company": "superadmin company",
    "phone1": "superadmin phone",
    "test_serial": null,
    "cert_expires": null,
    "test_model": null,
    "state": "CO",
    "test_last_cert": null,
    "user": [
      "superadmin"
    ],
    "address": "superadmin address",
    "cert_date": null,
    "test_manufacturer": null
  },
  "model": "webapp.employee",
  "pk": 5
},
{
  "fields": {
    "city": "",
    "pws": null,
    "zip": "",
    "phone2": "",
    "cert_number": null,
    "company": "",
    "phone1": "",
    "test_serial": null,
    "cert_expires": null,
    "test_model": null,
    "state": "AR",
    "test_last_cert": null,
    "user": [
      "surveyor_without_pws"
    ],
    "address": "",
    "cert_date": null,
    "test_manufacturer": null
  },
  "model": "webapp.employee",
  "pk": 10
},
{
  "fields": {
    "city": "",
    "pws": null,
    "zip": "",
    "phone2": "",
    "cert_number": null,
    "company": "",
    "phone1": "",
    "test_serial": null,
    "cert_expires": null,
    "test_model": null,
    "state": "OK",
    "test_last_cert": null,
    "user": [
      "tester_without_pws"
    ],
    "address": "",
    "cert_date": null,
    "test_manufacturer": null
  },
  "model": "webapp.employee",
  "pk": 11
}
]
